Ns changes	Ns	time/s	voltage_measured	I/mA	(Q-Qo)/mA.h	Energy charge/W.h	Energy discharge/W.h	step time/s	Q discharge/mA.h	Q charge/mA.h	Capacity/mA.h	cycle number	P/W	R/Ohm	Temperature/ï¿½C	Unnamed: 16	operator_notes
0	0	0.0	3.5180547	0.0	0.0	0.0	0.0	0.0	0.0	0.0	0.0	0.0	0.0	0.0	22.185871		
0	0	0.1000000047497451	3.5180154	0.0	0.0	0.0	0.0	0.0	0.0	0.0	0.0	0.0	0.0	0.0	22.201637		
0	0	0.2000000094994903	3.517976	0.0	0.0	0.0	0.0	0.0	0.0	0.0	0.0	0.0	0.0	0.0	22.20952		
0	0	0.3000000142492354	3.5178578	0.0	0.0	0.0	0.0	0.0	0.0	0.0	0.0	0.0	0.0	0.0	22.248932		
0	0	0.4000000189989805	3.5179365	0.0	0.0	0.0	0.0	0.0	0.0	0.0	0.0	0.0	0.0	0.0	22.185871		
0	0	0.5000000237487257	3.5178578	0.0	0.0	0.0	0.0	0.0	0.0	0.0	0.0	0.0	0.0	0.0	22.327757		
0	0	0.6000000284984708	3.5179365	0.0	0.0	0.0	0.0	0.0	0.0	0.0	0.0	0.0	0.0	0.0	22.20952		
0	0	0.7000000332482159	3.5180154	0.0	0.0	0.0	0.0	0.0	0.0	0.0	0.0	0.0	0.0	0.0	22.311991		
0	0	0.800000037997961	3.5178971	0.0	0.0	0.0	0.0	0.0	0.0	0.0	0.0	0.0	0.0	0.0	22.170107		
0	0	0.9000000427477062	3.5178971	0.0	0.0	0.0	0.0	0.0	0.0	0.0	0.0	0.0	0.0	0.0	22.185871		
0	0	1.000000047497451	3.517976	0.0	0.0	0.0	0.0	0.0	0.0	0.0	0.0	0.0	0.0	0.0	22.28046		
0	0	1.100000052247196	3.5178971	0.0	0.0	0.0	0.0	0.0	0.0	0.0	0.0	0.0	0.0	0.0	22.14646		
0	0	1.200000056996942	3.517976	0.0	0.0	0.0	0.0	0.0	0.0	0.0	0.0	0.0	0.0	0.0	22.264696		
0	0	1.300000061746687	3.5178971	0.0	0.0	0.0	0.0	0.0	0.0	0.0	0.0	0.0	0.0	0.0	22.193754		
0	0	1.400000066496432	3.517976	0.0	0.0	0.0	0.0	0.0	0.0	0.0	0.0	0.0	0.0	0.0	22.162226		
0	0	1.500000071246177	3.5178971	0.0	0.0	0.0	0.0	0.0	0.0	0.0	0.0	0.0	0.0	0.0	22.122812		
0	0	1.600000075995922	3.5178578	0.0	0.0	0.0	0.0	0.0	0.0	0.0	0.0	0.0	0.0	0.0	22.304108		
0	0	1.700000080745667	3.5179365	0.0	0.0	0.0	0.0	0.0	0.0	0.0	0.0	0.0	0.0	0.0	22.335638		
0	0	1.800000085495412	3.5179365	0.0	0.0	0.0	0.0	0.0	0.0	0.0	0.0	0.0	0.0	0.0	22.335638		
0	0	1.900000090245157	3.5179365	0.0	0.0	0.0	0.0	0.0	0.0	0.0	0.0	0.0	0.0	0.0	22.193754		
0	0	2.000000094994903	3.5178971	0.0	0.0	0.0	0.0	0.0	0.0	0.0	0.0	0.0	0.0	0.0	22.414463		
0	0	2.100000099744648	3.517976	0.0	0.0	0.0	0.0	0.0	0.0	0.0	0.0	0.0	0.0	0.0	22.375051		
0	0	2.200000104494393	3.5179365	0.0	0.0	0.0	0.0	0.0	0.0	0.0	0.0	0.0	0.0	0.0	22.201637		
0	0	2.300000109244138	3517.9365	0.0	0.0	0.0	0.0	0.0	0.0	0.0	0.0	0.0	0.0	0.0	22.264696		
0	0	2.400000113993883	3.5179365	0.0	0.0	0.0	0.0	0.0	0.0	0.0	0.0	0.0	0.0	0.0	22.327757		
0	0	2.500000118743628	3.5178971	0.0	0.0	0.0	0.0	0.0	0.0	0.0	0.0	0.0	0.0	0.0	22.414463		
0	0	2.600000123493373	3.5180154	0.0	0.0	0.0	0.0	0.0	0.0	0.0	0.0	0.0	0.0	0.0	22.422344		
0	0	2.700000128243119	3.5179365	0.0	0.0	0.0	0.0	0.0	0.0	0.0	0.0	0.0	0.0	0.0	22.233166		
0	0	2.800000132992864	3.5178971	0.0	0.0	0.0	0.0	0.0	0.0	0.0	0.0	0.0	0.0	0.0	22.217402		
0	0	2.900000137742609	3517.976		0.0	0.0	0.0	0.0	0.0	0.0	0.0	0.0	0.0	0.0	22.241049		
0	0	3.000000142492354	3517.9365	0.0	0.0	0.0	0.0	0.0	0.0	0.0	0.0	0.0	0.0	0.0	22.367168		
0	0	3.100000147242099	3.5178578	0.0	0.0	0.0	0.0	0.0	0.0	0.0	0.0	0.0	0.0	0.0	22.248932		
0	0	3.200000151991844	3517.9365	0.0	0.0	0.0	0.0	0.0	0.0	0.0	0.0	0.0	0.0	0.0	22.20952		
0	0	3.300000156741589	3.5178185	0.0	0.0	0.0	0.0	0.0	0.0	0.0	0.0	0.0	0.0	0.0	22.304108		
0	0	3.400000161491334	3.517976	0.0	0.0	0.0	0.0	0.0	0.0	0.0	0.0	0.0	0.0	0.0	22.288343		
0	0	3.50000016624108	3.5178971	0.0	0.0	0.0	0.0	0.0	0.0	0.0	0.0	0.0	0.0	0.0	22.083401		
0	0	3.600000170990825	3.5179365	0.0	0.0	0.0	0.0	0.0	0.0	0.0	0.0	0.0	0.0	0.0	22.248932		
0	0	3.70000017574057	3.517976	0.0	0.0	0.0	0.0	0.0	0.0	0.0	0.0	0.0	0.0	0.0	22.14646		
0	0	3.800000180490315	3.517976	0.0	0.0	0.0	0.0	0.0	0.0	0.0	0.0	0.0	0.0	0.0	22.170107		
0	0	3.90000018524006	3.5179365	0.0	0.0	0.0	0.0	0.0	0.0	0.0	0.0	0.0	0.0	0.0	22.012459		
0	0	4.000000189989805	3.517976	0.0	0.0	0.0	0.0	0.0	0.0	0.0	0.0	0.0	0.0	0.0	22.28046		
0	0	4.10000019473955	3.5179365	0.0	0.0	0.0	0.0	0.0	0.0	0.0	0.0	0.0	0.0	0.0	22.461756		
0	0	4.200000199489295	3.5178971	0.0	0.0	0.0	0.0	0.0	0.0	0.0	0.0	0.0	0.0	0.0	22.154343		
0	0	4.300000204239041	3518.0153999999998	0.0	0.0	0.0	0.0	0.0	0.0	0.0	0.0	0.0	0.0	0.0	22.264696		
0	0	4.400000208988786	3517.8970999999997	0.0	0.0	0.0	0.0	0.0	0.0	0.0	0.0	0.0	0.0	0.0	22.075518		
0	0	4.500000213738531	3.5180154	0.0	0.0	0.0	0.0	0.0	0.0	0.0	0.0	0.0	0.0	0.0	22.162226		
0	0	4.600000218488276	3.517976	0.0	0.0	0.0	0.0	0.0	0.0	0.0	0.0	0.0	0.0	0.0	22.193754		
0	0	4.700000223238021	3.5179365	0.0	0.0	0.0	0.0	0.0	0.0	0.0	0.0	0.0	0.0	0.0	22.193754		
0	0	4.800000227987766	3.5178971	0.0	0.0	0.0	0.0	0.0	0.0	0.0	0.0	0.0	0.0	0.0	22.17799		
0	0	4.900000232737511	3517.8970999999997		0.0	0.0	0.0	0.0	0.0	0.0	0.0	0.0	0.0	0.0	22.201637		
0	0	5.000000237487257	3.5179365	0.0	0.0	0.0	0.0	0.0	0.0	0.0	0.0	0.0	0.0	0.0	22.14646		
0	0	5.100000242237002	3517.8970999999997		0.0	0.0	0.0	0.0	0.0	0.0	0.0	0.0	0.0	0.0	22.20952		
0	0	5.200000246986747	3.5179365	0.0	0.0	0.0	0.0	0.0	0.0	0.0	0.0	0.0	0.0	0.0	22.296227		
0	0	5.300000251736492	3.5180154	0.0	0.0	0.0	0.0	0.0	0.0	0.0	0.0	0.0	0.0	0.0	22.311991		
0	0	5.400000256486237	3.5180154	0.0	0.0	0.0	0.0	0.0	0.0	0.0	0.0	0.0	0.0	0.0	22.256815		
0	0	5.500000261235982	3.517976	0.0	0.0	0.0	0.0	0.0	0.0	0.0	0.0	0.0	0.0	0.0	22.217402		
0	0	5.600000265985727	3.5178971	0.0	0.0	0.0	0.0	0.0	0.0	0.0	0.0	0.0	0.0	0.0	22.311991		
0	0	5.700000270735472	3.5179365	0.0	0.0	0.0	0.0	0.0	0.0	0.0	0.0	0.0	0.0	0.0	21.965164		
0	0	5.800000275485218	3517.8970999999997	0.0	0.0	0.0	0.0	0.0	0.0	0.0	0.0	0.0	0.0	0.0	22.445992		
0	0	5.900000280234963	3.5179365	0.0	0.0	0.0	0.0	0.0	0.0	0.0	0.0	0.0	0.0	0.0	22.130695		
0	0	6.000000284984708	3.5180154	0.0	0.0	0.0	0.0	0.0	0.0	0.0	0.0	0.0	0.0	0.0	22.445992		
0	0	6.100000289734453	3.5179365	0.0	0.0	0.0	0.0	0.0	0.0	0.0	0.0	0.0	0.0	0.0	22.28046		
0	0	6.200000294484198	3.5178971	0.0	0.0	0.0	0.0	0.0	0.0	0.0	0.0	0.0	0.0	0.0	22.241049		
0	0	6.300000299233943	3517.8970999999997	0.0	0.0	0.0	0.0	0.0	0.0	0.0	0.0	0.0	0.0	0.0	22.256815		
0	0	6.400000303983688	3.5178578	0.0	0.0	0.0	0.0	0.0	0.0	0.0	0.0	0.0	0.0	0.0	22.398697		
0	0	6.500000308733433	3518.0153999999998	0.0	0.0	0.0	0.0	0.0	0.0	0.0	0.0	0.0	0.0	0.0	22.193754		
0	0	6.600000313483179	3.5179365	0.0	0.0	0.0	0.0	0.0	0.0	0.0	0.0	0.0	0.0	0.0	22.059753		
0	0	6.700000318232924	3517.9365	0.0	0.0	0.0	0.0	0.0	0.0	0.0	0.0	0.0	0.0	0.0	22.233166		
0	0	6.800000322982669	3.5178971	0.0	0.0	0.0	0.0	0.0	0.0	0.0	0.0	0.0	0.0	0.0	22.296227		
0	0	6.900000327732414	3.5179365	0.0	0.0	0.0	0.0	0.0	0.0	0.0	0.0	0.0	0.0	0.0	22.28046		
0	0	7.000000332482159	3517.8970999999997	0.0	0.0	0.0	0.0	0.0	0.0	0.0	0.0	0.0	0.0	0.0	22.351402		
0	0	7.100000337231904	3.5179365	0.0	0.0	0.0	0.0	0.0	0.0	0.0	0.0	0.0	0.0	0.0	22.075518		
0	0	7.200000341981649	3.5178971	0.0	0.0	0.0	0.0	0.0	0.0	0.0	0.0	0.0	0.0	0.0	22.327757		
0	0	7.300000346731395	3.5179365	0.0	0.0	0.0	0.0	0.0	0.0	0.0	0.0	0.0	0.0	0.0	22.319874		
0	0	7.40000035148114	3.5179365	0.0	0.0	0.0	0.0	0.0	0.0	0.0	0.0	0.0	0.0	0.0	22.193754		
0	0	7.500000356230885	3.517976	0.0	0.0	0.0	0.0	0.0	0.0	0.0	0.0	0.0	0.0	0.0	22.288343		
0	0	7.60000036098063	3518.0547		0.0	0.0	0.0	0.0	0.0	0.0	0.0	0.0	0.0	0.0	22.162226		
0	0	7.700000365730375	3.5178971	0.0	0.0	0.0	0.0	0.0	0.0	0.0	0.0	0.0	0.0	0.0	22.028223		
0	0	7.80000037048012	3517.8185000000003		0.0	0.0	0.0	0.0	0.0	0.0	0.0	0.0	0.0	0.0	22.367168		
0	0	7.900000375229865	3.5179365	0.0	0.0	0.0	0.0	0.0	0.0	0.0	0.0	0.0	0.0	0.0	22.296227		
0	0	8.00000037997961	3.5178578	0.0	0.0	0.0	0.0	0.0	0.0	0.0	0.0	0.0	0.0	0.0	22.43811		
0	0	8.100000384729356	3517.976	0.0	0.0	0.0	0.0	0.0	0.0	0.0	0.0	0.0	0.0	0.0	22.241049		
0	0	8.2000003894791	3.5178578	0.0	0.0	0.0	0.0	0.0	0.0	0.0	0.0	0.0	0.0	0.0	22.469639		
0	0	8.300000394228846	3.5178971	0.0	0.0	0.0	0.0	0.0	0.0	0.0	0.0	0.0	0.0	0.0	22.241049		
0	0	8.400000398978591	3.5179365	0.0	0.0	0.0	0.0	0.0	0.0	0.0	0.0	0.0	0.0	0.0	22.296227		
0	0	8.500000403728336	3.5179365	0.0	0.0	0.0	0.0	0.0	0.0	0.0	0.0	0.0	0.0	0.0	22.296227		
0	0	8.600000408478081	3.517976	0.0	0.0	0.0	0.0	0.0	0.0	0.0	0.0	0.0	0.0	0.0	22.40658		
0	0	8.700000413227826	3.5178971	0.0	0.0	0.0	0.0	0.0	0.0	0.0	0.0	0.0	0.0	0.0	22.091284		
0	0	8.800000417977571	3.5178185	0.0	0.0	0.0	0.0	0.0	0.0	0.0	0.0	0.0	0.0	0.0	22.288343		
0	0	8.900000422727317	3.517976	0.0	0.0	0.0	0.0	0.0	0.0	0.0	0.0	0.0	0.0	0.0	22.430227		
0	0	9.000000427477062	3.5178971	0.0	0.0	0.0	0.0	0.0	0.0	0.0	0.0	0.0	0.0	0.0	22.453875		
0	0	9.100000432226809	3.5179365	0.0	0.0	0.0	0.0	0.0	0.0	0.0	0.0	0.0	0.0	0.0	22.225285		
0	0	9.200000436976552	3.517976	0.0	0.0	0.0	0.0	0.0	0.0	0.0	0.0	0.0	0.0	0.0	22.351402		
0	0	9.300000441726295	3.5178185	0.0	0.0	0.0	0.0	0.0	0.0	0.0	0.0	0.0	0.0	0.0	22.382933		
0	0	9.400000446476042	3.5180154	0.0	0.0	0.0	0.0	0.0	0.0	0.0	0.0	0.0	0.0	0.0	22.477522		
0	0	9.500000451225787	3.5179365	0.0	0.0	0.0	0.0	0.0	0.0	0.0	0.0	0.0	0.0	0.0	22.256815		
0	0	9.600000455975533	3.517976	0.0	0.0	0.0	0.0	0.0	0.0	0.0	0.0	0.0	0.0	0.0	22.091284		
0	0	9.700000460725278	3.5179365	0.0	0.0	0.0	0.0	0.0	0.0	0.0	0.0	0.0	0.0	0.0	22.311991		
0	0	9.800000465475025	3.5178971	0.0	0.0	0.0	0.0	0.0	0.0	0.0	0.0	0.0	0.0	0.0	22.327757		
0	0	9.900000470224768	3.5178971	0.0	0.0	0.0	0.0	0.0	0.0	0.0	0.0	0.0	0.0	0.0	22.501167		
0	1	10.02200047601946	3.5084853	-899.86578	-0.0004999254353841146	0.0	1.753981119791667e-06	10.02200047601946	0.0004999254353841146	0.0	0.0004999254353841146	0.0	-3.157166	3.8988984	22.50905		
1	1	10.02400047611445	3508.4066	-899.92493	-0.0009998837280273435	0.0	3.508038194444445e-06	10.02400047611445	0.0009998837280273435	0.0	0.0009998837280273435	0.0	-3.1573026	3.8985548	22.50905		
0	1	10.1240004808642	3.5078552	-899.8855	-0.02599631988525391	0.0	9.1192965359158e-05	10.1240004808642	0.02599631988525391	0.0	0.02599631988525391	0.0	-3.1566679	3.8981128	22.445992		
0	1	10.22400048561394	3.5075402	-899.84613	-0.05099298594156901	0.0	0.0001788730495876736	10.22400048561394	0.05099298594156901	0.0	0.05099298594156901	0.0	-3.1562464	3.8979332	22.201637		
0	1	10.32400049036369	3.5073826	-899.90515	-0.07598932349310981	0.0	0.0002665480832248264	10.32400049036369	0.0759893234931098	0.0	0.0759893234931098	0.0	-3.1563118	3.8975027	22.390814		
0	1	10.42400049511343	3.5072646	-899.8855	-0.1009860221693251	0.0	0.0003542209377712674	10.42400049511343	0.1009860221693251	0.0	0.1009860221693251	0.0	-3.1561365	3.8974566	22.288343		
0	1	10.52400049986318	3.5071464	-899.78699	-0.125982523973253	0.0	0.0004418907393391927	10.52400049986318	0.125982523973253	0.0	0.125982523973253	0.0	-3.1556847	3.8977518	22.28046		
0	1	10.62400050461292	3507.0677	-899.84613	-0.1509790040079753	0.0	0.0005295574309624566	10.62400050461292	0.1509790040079752	0.0	0.1509790040079752	0.0	-3.1558213	3.8974082	22.272579		
0	1	10.72400050936267	3.506989	-899.82635	-0.1759753525119358	0.0	0.0006172209457736545	10.72400050936267	0.1759753525119357	0.0	0.1759753525119357	0.0	-3.1556811	3.8974063	22.445992		
0	1	10.82400051411241	3.5069494	-899.90515	-0.2009718105400933	0.0	0.0007048822063530816	10.82400051411241	0.2009718105400933	0.0	0.2009718105400933	0.0	-3.1559219	3.8970211	22.067635		
0	1	10.92400051886216	3.5068314	-899.8855	-0.2259682576158312	0.0	0.0007925414207628038	10.92400051886216	0.2259682576158311	0.0	0.2259682576158311	0.0	-3.1557467	3.896975	22.20952		
0	1	11.0240005236119	3506.7132	-899.86578	-0.2509647482638889	0.0	0.0008801983277723525	11.0240005236119	0.2509647482638889	0.0	0.2509647482638889	0.0	-3.1555712	3.896929	22.241049		
0	1	11.12400052836165	3.5065558	-899.8855	-0.2759613375854492	0.0	0.0009678531976996528	11.12400052836165	0.2759613375854492	0.0	0.2759613375854492	0.0	-3.1554987	3.8966689	22.264696		
0	1	11.22400053311139	3.5065165	-899.82635	-0.3009578615315755	0.0	0.001055506047905816	11.22400053311139	0.3009578615315755	0.0	0.3009578615315755	0.0	-3.155256	3.8968813	22.343519		
0	1	11.32400053786114	3.5065558	-899.90515	-0.3259541883002387	0.0	0.001143156139322917	11.32400053786114	0.3259541883002387	0.0	0.3259541883002387	0.0	-3.1555676	3.8965838	22.107048		
0	1	11.42400054261088	3506.3588999999997		-0.3509505369059245	0.0	0.001230804435899522	11.42400054261088	0.3509505369059245	0.0	0.3509505369059245	0.0	-3.1551142	3.8967061	22.233166		
0	1	11.52400054736063	3.5064375	-899.84613	-0.3759471591864692	0.0	0.001318451901312934	11.52400054736063	0.3759471591864692	0.0	0.3759471591864692	0.0	-3.1552544	3.896708	22.138578		
0	1	11.62400055211037	3.5063195	-899.86578	-0.4009438251749675	0.0	0.001406097985839844	11.62400055211037	0.4009438251749675	0.0	0.4009438251749675	0.0	-3.1552169	3.8964918	22.351402		
0	1	11.72400055686012	3.5062013	-899.84613	-0.4259402393256294	0.0	0.001493740783420139	11.72400055686012	0.4259402393256294	0.0	0.4259402393256294	0.0	-3.1550417	3.8964453	22.461756		
0	1	11.82400056160986	3.5061619	-899.90515	-0.4509368067762587	0.0	0.001581382426215278	11.82400056160986	0.4509368067762587	0.0	0.4509368067762587	0.0	-3.1552131	3.8961461	22.335638		
0	1	11.92400056635961	3.5060439	-899.8855	-0.4759336586507161	0.0	0.001669023137613932	11.92400056635961	0.4759336586507161	0.0	0.4759336586507161	0.0	-3.1550381	3.8961	22.359285		
0	1	12.02400057110935	3.5060833	-899.84613	-0.5009301056925456	0.0	0.001756661030815972	12.02400057110935	0.5009301056925456	0.0	0.5009301056925456	0.0	-3.1549354	3.8963141	22.311991		
0	1	12.1240005758591	3.5058863	-899.84613	-0.5259269905938042	0.0	0.001844298549669054	12.1240005758591	0.5259269905938043	0.0	0.5259269905938043	0.0	-3.1547582	3.8960953	22.201637		
0	1	12.22400058060884	3.5058863	-899.76733	-0.550923142191569	0.0	0.001931932040066189	12.22400058060884	0.5509231421915691	0.0	0.5509231421915691	0.0	-3.1544819	3.8964365	22.225285		
0	1	12.32400058535859	3.5057681	-899.8855	-0.5759193374972873	0.0	0.002019563616536458	12.32400058535859	0.5759193374972874	0.0	0.5759193374972874	0.0	-3.1547899	3.8957934	22.264696		
0	1	12.42400059010834	3.5057287	-899.90515	-0.6009162004258898	0.0	0.002107196214463976	12.42400059010834	0.6009162004258899	0.0	0.6009162004258899	0.0	-3.1548233	3.8956647	22.359285		
0	1	12.52400059485808	3.50565	-899.84613	-0.6259123520236545	0.0	0.002194824606526693	12.52400059485808	0.6259123520236547	0.0	0.6259123520236547	0.0	-3.1545455	3.8958328	22.351402		
0	1	12.62400059960783	3.5056107	-899.8067	-0.6509092258707683	0.0	0.002282453936225044	12.62400059960783	0.6509092258707684	0.0	0.6509092258707684	0.0	-3.154372	3.8959599	22.375051		
0	1	12.72400060435757	3.5056107	-899.86578	-0.6759057056681315	0.0	0.002370080545247396	12.72400060435757	0.6759057056681317	0.0	0.6759057056681317	0.0	-3.1545792	3.895704	22.430227		
0	1	12.82400060910732	3.5054924	-899.82635	-0.7009017696126302	0.0	0.002457704279649523	12.82400060910732	0.7009017696126304	0.0	0.7009017696126304	0.0	-3.1543345	3.8957431	22.359285		
0	1	12.92400061385706	3.5053349	-899.94458	-0.7258985779147678	0.0	0.002545328813476563	12.92400061385706	0.725898577914768	0.0	0.725898577914768	0.0	-3.1546071	3.8950562	22.359285		
0	1	13.02400061860681	3.5054138	-899.78699	-0.750894871588813	0.0	0.002632950538330078	13.02400061860681	0.7508948715888131	0.0	0.7508948715888131	0.0	-3.1541257	3.8958263	22.367168		
0	1	13.12400062335655	3.5052955	-899.84613	-0.7758909794108073	0.0	0.002720570154215495	13.12400062335655	0.7758909794108074	0.0	0.7758909794108074	0.0	-3.1542265	3.8954387	22.201637		
0	1	13.2240006281063	3.5052562	-899.82635	-0.8008872952609593	0.0	0.002808188845757378	13.2240006281063	0.8008872952609594	0.0	0.8008872952609594	0.0	-3.1541219	3.8954806	22.201637		
0	1	13.32400063285604	3.5052168	-899.86578	-0.8258839065551757	0.0	0.002895807510443793	13.32400063285604	0.825883906555176	0.0	0.825883906555176	0.0	-3.1542246	3.8952663	22.390814		
0	1	13.42400063760579	3.5051775	-899.92493	-0.8508802005004883	0.0	0.002983423409152561	13.42400063760579	0.8508802005004885	0.0	0.8508802005004885	0.0	-3.1543965	3.8949666	22.225285		
0	1	13.52400064235553	3.5051382	-899.90515	-0.8758767242431641	0.0	0.003071038931613498	13.52400064235553	0.8758767242431643	0.0	0.8758767242431643	0.0	-3.1542919	3.8950083	22.296227		
0	1	13.62400064710528	3.5050199	-899.82635	-0.9008728430514864	0.0	0.003158651715359158	13.62400064710528	0.9008728430514868	0.0	0.9008728430514868	0.0	-3.1539092	3.8952181	22.469639		
0	1	13.72400065185502	3.5049806	-899.8067	-0.9258691371663412	0.0	0.0032462639324273	13.72400065185502	0.9258691371663414	0.0	0.9258691371663414	0.0	-3.153805	3.8952594	22.343519		
0	1	13.82400065660477	3.5048623	-899.84613	-0.9508654091389974	0.0	0.003333874694552951	13.82400065660477	0.9508654091389978	0.0	0.9508654091389978	0.0	-3.1538367	3.8949573	22.233166		
0	1	13.92400066135451	3.504823	-899.98395	-0.9758619328477648	0.0	0.003421484940185547	13.92400066135451	0.9758619328477652	0.0	0.9758619328477652	0.0	-3.1542845	3.8943172	22.193754		
0	1	14.02400066610426	3.5047443	-899.8067	-1.000858095330132	0.0	0.003509092343885634	14.02400066610426	1.000858095330133	0.0	1.000858095330133	0.0	-3.1535923	3.8949969	22.14646		
0	1	14.124000670854	3.5047836	-899.84613	-1.025854629991319	0.0	0.003596699752468533	14.124000670854	1.02585462999132	0.0	1.02585462999132	0.0	-3.1537659	3.89487	22.154343		
0	1	14.22400067560375	3.5047836	-899.8067	-1.050851263156467	0.0	0.003684306955566406	14.22400067560375	1.050851263156467	0.0	1.050851263156467	0.0	-3.1536279	3.8950405	22.359285		
0	1	14.32400068035349	3.5047836	-899.82635	-1.075847403700087	0.0	0.003771910738389757	14.32400068035349	1.075847403700087	0.0	1.075847403700087	0.0	-3.1536968	3.8949556	22.193754		
0	1	14.42400068510324	3.5045474	-899.84613	-1.100844004109701	0.0	0.003859515226101346	14.42400068510324	1.100844004109701	0.0	1.100844004109701	0.0	-3.1535535	3.8946073	22.217402		
0	1	14.52400068985298	3.5045474	-899.94458	-1.125840703057183	0.0	0.003947118720024957	14.52400068985298	1.125840703057184	0.0	1.125840703057184	0.0	-3.1538985	3.8941813	22.067635		
0	1	14.62400069460273	3.5045867	-899.84613	-1.150836843634711	0.0	0.004034719096544054	14.62400069460273	1.150836843634712	0.0	1.150836843634712	0.0	-3.1535888	3.8946512	22.319874		
0	1	14.72400069935247	3.5044687	-899.84613	-1.175833126424154	0.0	0.004122318849555121	14.72400069935247	1.175833126424154	0.0	1.175833126424154	0.0	-3.1534827	3.8945198	22.201637		
0	1	14.82400070410222	3.5045474	-899.84613	-1.200829704759386	0.0	0.004209918220486111	14.82400070410222	1.200829704759387	0.0	1.200829704759387	0.0	-3.1535535	3.8946073	22.296227		
0	1	14.92400070885196	3.5042717	-899.90515	-1.22582639251709	0.0	0.004297516674126519	14.92400070885196	1.22582639251709	0.0	1.22582639251709	0.0	-3.1535122	3.8940456	22.343519		
0	1	15.02400071360171	3.5043111	-899.84613	-1.250822806735569	0.0	0.004385113755832248	15.02400071360171	1.250822806735569	0.0	1.250822806735569	0.0	-3.1533408	3.8943448	22.359285		
0	1	15.12400071835145	3.5043504	-899.98395	-1.275819155205621	0.0	0.004472709170328776	15.12400071835145	1.275819155205621	0.0	1.275819155205621	0.0	-3.1538591	3.8937922	22.335638		
0	1	15.2240007231012	3.5043504	-899.92493	-1.300815930514865	0.0	0.004560305038113065	15.2240007231012	1.300815930514866	0.0	1.300815930514866	0.0	-3.1536522	3.8940475	22.233166		
0	1	15.32400072785094	3.5042717	-899.76733	-1.32581227915446	0.0	0.004647898368055556	15.32400072785094	1.32581227915446	0.0	1.32581227915446	0.0	-3.1530292	3.8946421	22.114929		
0	1	15.42400073260069	3.5041535	-899.92493	-1.350808770107693	0.0	0.004735490778808593	15.42400073260069	1.350808770107694	0.0	1.350808770107694	0.0	-3.153475	3.8938286	22.398697		
0	1	15.52400073735043	3.5041535	-899.72791	-1.375804954630534	0.0	0.004823080836995443	15.52400073735043	1.375804954630534	0.0	1.375804954630534	0.0	-3.1527846	3.8946815	22.193754		
0	1	15.62400074210018	3.5039961	-899.82635	-1.400801401604546	0.0	0.004910671126302084	15.62400074210018	1.400801401604547	0.0	1.400801401604547	0.0	-3.152988	3.8940804	22.264696		
0	1	15.72400074684992	3.5040355	-899.92493	-1.425797465752496	0.0	0.00499825859890408	15.72400074684992	1.425797465752496	0.0	1.425797465752496	0.0	-3.1533689	3.8936975	22.233166		
0	1	15.82400075159967	3.5038779	-899.8855	-1.450793606499566	0.0	0.00508584586710612	15.82400075159967	1.450793606499566	0.0	1.450793606499566	0.0	-3.1530888	3.893693	22.20952		
0	1	15.92400075634941	3.5040355	-899.92493	-1.475790020751953	0.0	0.005173432676188151	15.92400075634941	1.475790020751953	0.0	1.475790020751953	0.0	-3.1533689	3.8936975	22.233166		
0	1	16.02400076109916	3.5038779	-899.84613	-1.500786817966037	0.0	0.005261020354953342	16.02400076109916	1.500786817966038	0.0	1.500786817966038	0.0	-3.152951	3.8938634	22.193754		
0	1	16.1240007658489	3.5039172	-899.84613	-1.525783418477376	0.0	0.005348605965711806	16.1240007658489	1.525783418477376	0.0	1.525783418477376	0.0	-3.1529863	3.8939071	22.193754		
0	1	16.22400077059865	3503.8779	-899.82635	-1.550779821777344	0.0	0.005436190315483941	16.22400077059865	1.550779821777344	0.0	1.550779821777344	0.0	-3.1528816	3.893949	22.067635		
0	1	16.3240007753484	3.5037992	-899.84613	-1.575776630147298	0.0	0.00552377423461914	16.3240007753484	1.575776630147298	0.0	1.575776630147298	0.0	-3.1528802	3.8937759	22.351402		
0	1	16.42400078009814	3.5037992	-899.8855	-1.600773088107639	0.0	0.005611356532389323	16.42400078009814	1.600773088107639	0.0	1.600773088107639	0.0	-3.153018	3.8936055	22.028223		
0	1	16.52400078484789	3.5037203	-899.94458	-1.625769830593533	0.0	0.00569893854695638	16.52400078484789	1.625769830593533	0.0	1.625769830593533	0.0	-3.1531541	3.8932624	22.225285		
0	1	16.62400078959763	3.5036416	-899.8855	-1.650766179233127	0.0	0.00578651853149414	16.62400078959763	1.650766179233127	0.0	1.650766179233127	0.0	-3.1528764	3.8934305	22.241049		
0	1	16.72400079434738	3503.6416	-899.8855	-1.675762790527344	0.0	0.005874098235405816	16.72400079434738	1.675762790527344	0.0	1.675762790527344	0.0	-3.1528764	3.8934305	22.20952		
0	1	16.82400079909712	3.5035236	-899.96429	-1.700758964233398	0.0	0.005961674989284939	16.82400079909712	1.700758964233398	0.0	1.700758964233398	0.0	-3.1530461	3.8929584	22.272579		
0	1	16.92400080384687	3.503484	-899.78699	-1.725755192362467	0.0	0.006049251048312717	16.92400080384687	1.725755192362467	0.0	1.725755192362467	0.0	-3.1523893	3.8936815	22.264696		
0	1	17.02400080859661	3.5035236	-899.94458	-1.750751354912652	0.0	0.00613682565633138	17.02400080859661	1.750751354912652	0.0	1.750751354912652	0.0	-3.152977	3.8930438	22.264696		
0	1	17.12400081334636	3.503484	-899.92493	-1.775747812839084	0.0	0.006224400865749783	17.12400081334636	1.775747812839084	0.0	1.775747812839084	0.0	-3.1528726	3.8930848	22.272579		
0	1	17.2240008180961	3.503484	-899.8067	-1.80074388780382	0.0	0.006311973965250651	17.2240008180961	1.80074388780382	0.0	1.80074388780382	0.0	-3.1524584	3.8935962	22.248932		
0	1	17.32400082284585	3.5034447	-899.8067	-1.825740225253635	0.0	0.006399547176513672	17.32400082284585	1.825740225253635	0.0	1.825740225253635	0.0	-3.1524229	3.8935525	22.288343		
0	1	17.42400082759559	3503.4053	-899.8855	-1.850736606682671	0.0	0.006487119321831597	17.42400082759559	1.850736606682671	0.0	1.850736606682671	0.0	-3.1526637	3.893168	22.382933		
0	1	17.52400083234534	3.5034447	-899.8855	-1.875733010084364	0.0	0.006574690855170356	17.52400083234534	1.875733010084364	0.0	1.875733010084364	0.0	-3.152699	3.8932116	22.43811		
0	1	17.62400083709508	3.5032871	-899.86578	-1.900728997531467	0.0	0.006662260221354166	17.62400083709508	1.900728997531467	0.0	1.900728997531467	0.0	-3.1524882	3.8931217	22.572111		
0	1	17.72400084184483	3.5032871	-899.8855	-1.925725455593533	0.0	0.006749830566813151	17.72400084184483	1.925725455593533	0.0	1.925725455593533	0.0	-3.1525571	3.8930366	22.311991		
0	1	17.82400084659457	3.5032084	-899.8067	-1.950721388380263	0.0	0.006837397791205512	17.82400084659457	1.950721388380263	0.0	1.950721388380263	0.0	-3.1522105	3.89329	22.311991		
0	1	17.92400085134432	3.5031691	-899.86578	-1.975717791714138	0.0	0.006924965818142361	17.92400085134432	1.975717791714138	0.0	1.975717791714138	0.0	-3.1523819	3.8929906	22.201637		
0	1	18.02400085609406	3.5032084	-899.92493	-2.000713855556912	0.0	0.007012531829020182	18.02400085609406	2.000713855556912	0.0	2.000713855556912	0.0	-3.1526246	3.8927784	22.367168		
0	1	18.12400086084381	3.5031297	-899.86578	-2.025710017937554	0.0	0.007100097201334635	18.12400086084381	2.025710017937554	0.0	2.025710017937554	0.0	-3.1523466	3.892947	22.17799		
0	1	18.22400086559355	3.5030904	-899.90515	-2.050706388414171	0.0	0.007187662849663629	18.22400086559355	2.050706388414171	0.0	2.050706388414171	0.0	-3.1524491	3.8927329	22.185871		
0	1	18.3240008703433	3503.0904	-899.78699	-2.075702539842394	0.0	0.007275226628282335	18.3240008703433	2.075702539842394	0.0	2.075702539842394	0.0	-3.1520352	3.893244	22.430227		
0	1	18.42400087509304	3.5030508	-899.8855	-2.100698767903646	0.0	0.007362789512532552	18.42400087509304	2.100698767903646	0.0	2.100698767903646	0.0	-3.1523447	3.8927739	22.430227		
0	1	18.52400087984279	3.5029721	-899.92493	-2.125695193244086	0.0	0.007450352398681641	18.52400087984279	2.125695193244086	0.0	2.125695193244086	0.0	-3.1524119	3.8925159	22.343519		
0	1	18.62400088459253	3.5029721	-899.86578	-2.150691563754612	0.0	0.007537913912353516	18.62400088459253	2.150691563754612	0.0	2.150691563754612	0.0	-3.1522048	3.8927717	22.099167		
0	1	18.72400088934228	3.5028934	-899.84613	-2.175688109232585	0.0	0.007625476471354167	18.72400088934228	2.175688109232585	0.0	2.175688109232585	0.0	-3.152065	3.8927693	22.264696		
0	1	18.82400089409202	3.5029721	-899.86578	-2.200684479675293	0.0	0.007713036922064887	18.82400089409202	2.200684479675293	0.0	2.200684479675293	0.0	-3.1522048	3.8927717	22.154343		
0	1	18.92400089884177	3.5028541	-899.84613	-2.22568101433648	0.0	0.007800596885443794	18.92400089884177	2.22568101433648	0.0	2.22568101433648	0.0	-3.1520298	3.8927257	22.162226		
0	1	19.02400090359151	3.5029328	-899.8855	-2.250677395765516	0.0	0.007888156075710721	19.02400090359151	2.250677395765517	0.0	2.250677395765517	0.0	-3.1522384	3.8926427	22.40658		
0	1	19.12400090834126	3502.8541	-899.86578	-2.275673941277398	0.0	0.00797571475748698	19.12400090834126	2.275673941277399	0.0	2.275673941277399	0.0	-3.1520987	3.8926406	22.375051		
0	1	19.224000913091	3.5027752	-899.82635	-2.300670257161458	0.0	0.008063271689181858	19.224000913091	2.300670257161459	0.0	2.300670257161459	0.0	-3.1518893	3.8927236	22.414463		
0	1	19.32400091784075	3.5026572	-899.84613	-2.325666529032389	0.0	0.008150827069498698	19.32400091784075	2.32566652903239	0.0	2.32566652903239	0.0	-3.1518526	3.8925068	22.217402		
0	1	19.42400092259049	3.5026965	-899.82635	-2.350663063863118	0.0	0.008238383154568143	19.42400092259049	2.350663063863119	0.0	2.350663063863119	0.0	-3.1518188	3.8926361	22.256815		
0	1	19.52400092734024	3502.7358999999997	-899.8855	-2.375659456075033	0.0	0.008325937854817708	19.52400092734024	2.375659456075033	0.0	2.375659456075033	0.0	-3.1520612	3.8924239	22.359285		
0	1	19.62400093208998	3.5026178	-899.8855	-2.400655771653917	0.0	0.008413491834581163	19.62400093208998	2.400655771653918	0.0	2.400655771653918	0.0	-3.1519549	3.8922927	22.217402		
0	1	19.72400093683973	3502.5389		-2.425651934475369	0.0	0.008501044393174914	19.72400093683973	2.425651934475369	0.0	2.425651934475369	0.0	-3.1514702	3.8927162	22.201637		
0	1	19.82400094158947	3.5024996	-899.8067	-2.450647922024197	0.0	0.00858859517537435	19.82400094158947	2.450647922024197	0.0	2.450647922024197	0.0	-3.1515727	3.8925023	22.414463		
0	1	19.92400094633922	3.5025783	-899.84613	-2.475644555223253	0.0	0.0086761472527398	19.92400094633922	2.475644555223254	0.0	2.475644555223254	0.0	-3.1517816	3.8924191	22.390814		
0	1	20.02400095108896	3.5024602	-899.90515	-2.500640892808702	0.0	0.008763697567003037	20.02400095108896	2.500640892808703	0.0	2.500640892808703	0.0	-3.1518819	3.8920326	22.233166		
0	1	20.12400095583871	3.5025389	-899.84613	-2.525637252468533	0.0	0.008851247781982421	20.12400095583871	2.525637252468533	0.0	2.525637252468533	0.0	-3.151746	3.8923755	22.256815		
0	1	20.22400096058846	3.5024996	-899.92493	-2.550633798014323	0.0	0.008938797329508464	20.22400096058846	2.550633798014323	0.0	2.550633798014323	0.0	-3.1519866	3.8919909	22.304108		
0	1	20.3240009653382	3.5024209	-899.86578	-2.575630201585558	0.0	0.009026345828857422	20.3240009653382	2.575630201585558	0.0	2.575630201585558	0.0	-3.1517088	3.8921592	22.288343		
0	1	20.42400097008795	3.502342	-899.94458	-2.600626582912869	0.0	0.009113893699001736	20.42400097008795	2.60062658291287	0.0	2.60062658291287	0.0	-3.1519136	3.8917308	22.430227		
0	1	20.52400097483769	3.5024602	-899.8067	-2.625623139444987	0.0	0.00920144106065538	20.52400097483769	2.625623139444988	0.0	2.625623139444988	0.0	-3.1515372	3.8924584	22.327757		
0	1	20.62400097958744	3.502342	-899.90515	-2.650619936692979	0.0	0.009288989482014974	20.62400097958744	2.65061993669298	0.0	2.65061993669298	0.0	-3.1517756	3.8919013	22.264696		
0	1	20.72400098433718	3502.342	-899.86578	-2.675616318088108	0.0	0.009376535185818142	20.72400098433718	2.675616318088109	0.0	2.675616318088109	0.0	-3.1516378	3.8920715	22.311991		
0	1	20.82400098908693	3.502342	-899.86578	-2.700612765129937	0.0	0.009464080194634333	20.82400098908693	2.700612765129938	0.0	2.700612765129938	0.0	-3.1516378	3.8920715	22.233166		
0	1	20.92400099383667	3.502224	-899.98395	-2.725609201219347	0.0	0.009551624436577692	20.92400099383667	2.725609201219348	0.0	2.725609201219348	0.0	-3.1519454	3.8914294	22.17799		
0	1	21.02400099858642	3.5023026	-899.86578	-2.75060553894043	0.0	0.009639167803412544	21.02400099858642	2.750605538940431	0.0	2.750605538940431	0.0	-3.1516023	3.8920279	22.185871		
0	1	21.12400100333616	3.5021057	-899.90515	-2.77560212826199	0.0	0.009726711323513456	21.12400100333616	2.775602128261991	0.0	2.775602128261991	0.0	-3.1515629	3.8916388	22.17799		
0	1	21.22400100808591	3.502224	-899.8855	-2.800598520643446	0.0	0.009814253720296224	21.22400100808591	2.800598520643447	0.0	2.800598520643447	0.0	-3.1516006	3.891855	22.453875		
0	1	21.32400101283565	3.5020664	-899.96429	-2.825595416564942	0.0	0.009901796916368272	21.32400101283565	2.825595416564942	0.0	2.825595416564942	0.0	-3.1517346	3.8913393	22.359285		
0	1	21.4240010175854	3.5021057	-899.86578	-2.850592235751682	0.0	0.009989339410536023	21.4240010175854	2.850592235751682	0.0	2.850592235751682	0.0	-3.1514251	3.891809	22.17799		
0	1	21.52400102233514	3.5021057	-899.82635	-2.87558889078776	0.0	0.01007688014729818	21.52400102233514	2.875588890787761	0.0	2.875588890787761	0.0	-3.1512871	3.8919795	22.359285		
0	1	21.62400102708489	3.5019877	-899.84613	-2.900585874260797	0.0	0.01016442118855794	21.62400102708489	2.900585874260797	0.0	2.900585874260797	0.0	-3.1512501	3.8917627	22.311991		
0	1	21.72400103183463	3501.9483999999998	-899.86578	-2.925582704569499	0.0	0.01025196165364583	21.72400103183463	2.925582704569499	0.0	2.925582704569499	0.0	-3.1512835	3.891634	22.335638		
0	1	21.82400103658438	3.5019484	-899.74762	-2.950579085930718	0.0	0.01033949977905273	21.82400103658438	2.950579085930719	0.0	2.950579085930719	0.0	-3.1508696	3.8921452	22.162226		
0	1	21.92400104133412	3501.9483999999998		-2.975575357767741	0.0	0.0104270366148546	21.92400104133412	2.975575357767741	0.0	2.975575357767741	0.0	-3.1514213	3.8914638	22.154343		
0	1	22.02400104608387	3.5019877	-899.84613	-3.000571760796441	0.0	0.01051457341824002	22.02400104608387	3.000571760796441	0.0	3.000571760796441	0.0	-3.1512501	3.8917627	22.382933		
0	1	22.12400105083361	3.502027	-899.86578	-3.025567988993327	0.0	0.01060210860568576	22.12400105083361	3.025567988993327	0.0	3.025567988993327	0.0	-3.1513543	3.8917215	22.233166		
0	1	22.22400105558336	3.5019088	-899.82635	-3.050564140658909	0.0	0.01068964320909288	22.22400105558336	3.050564140658909	0.0	3.050564140658909	0.0	-3.1511097	3.8917606	22.185871		
0	1	22.3240010603331	3.5018301	-899.8855	-3.07556068637424	0.0	0.01077717848388672	22.3240010603331	3.07556068637424	0.0	3.07556068637424	0.0	-3.1512461	3.8914175	22.241049		
0	1	22.42400106508285	3.5019088	-899.8067	-3.100557210116916	0.0	0.0108647132280816	22.42400106508285	3.100557210116916	0.0	3.100557210116916	0.0	-3.151041	3.8918457	22.264696		
0	1	22.52400106983259	3.5017908	-899.8855	-3.125553744879829	0.0	0.01095224718451606	22.52400106983259	3.125553744879829	0.0	3.125553744879829	0.0	-3.1512108	3.8913736	22.248932		
0	1	22.62400107458234	3.5018301	-899.92493	-3.150550257602268	0.0	0.01103978011935764	22.62400107458234	3.150550257602268	0.0	3.150550257602268	0.0	-3.1513841	3.891247	22.248932		
0	1	22.72400107933208	3.5017121	-899.86578	-3.175546726650662	0.0	0.01112731197618273	22.72400107933208	3.175546726650662	0.0	3.175546726650662	0.0	-3.1510708	3.8913715	22.296227		
0	1	22.82400108408183	3.5017514	-899.90515	-3.200542856411404	0.0	0.01121484268459744	22.82400108408183	3.200542856411404	0.0	3.200542856411404	0.0	-3.1512442	3.8912449	22.359285		
0	1	22.92400108883157	3.5017121	-899.84613	-3.225539117465549	0.0	0.01130237308498806	22.92400108883157	3.225539117465549	0.0	3.225539117465549	0.0	-3.1510022	3.8914566	22.114929		
0	1	23.02400109358132	3501.7908	-899.84613	-3.250535455118815	0.0	0.01138990294569227	23.02400109358132	3.250535455118815	0.0	3.250535455118815	0.0	-3.151073	3.8915439	22.201637		
0	1	23.12400109833106	3.5017121	-899.8067	-3.275531584913466	0.0	0.01147743221679687	23.12400109833106	3.275531584913466	0.0	3.275531584913466	0.0	-3.1508639	3.8916271	22.296227		
0	1	23.22400110308081	3.5016332	-899.86578	-3.300527944369846	0.0	0.01156496099188911	23.22400110308081	3.300527944369846	0.0	3.300527944369846	0.0	-3.1509998	3.8912838	22.248932		
0	1	23.32400110783055	3.5015545	-899.82635	-3.325524665154351	0.0	0.01165249012654622	23.32400110783055	3.325524665154351	0.0	3.325524665154351	0.0	-3.1507909	3.891367	22.382933		
0	1	23.4240011125803	3.5015938	-899.86578	-3.350521145121256	0.0	0.01174001800401476	23.4240011125803	3.350521145121257	0.0	3.350521145121257	0.0	-3.1509645	3.8912401	22.382933		
0	1	23.52400111733004	3.5015938	-899.8855	-3.375517811143663	0.0	0.01182754568752713	23.52400111733004	3.375517811143664	0.0	3.375517811143664	0.0	-3.1510334	3.8911548	22.114929		
0	1	23.62400112207979	3501.6332	-899.82635	-3.400514411451552	0.0	0.01191507260945638	23.62400112207979	3.400514411451552	0.0	3.400514411451552	0.0	-3.1508617	3.8914542	22.193754		
0	1	23.72400112682953	3.5014758	-899.94458	-3.425511197679308	0.0	0.01200259965196398	23.72400112682953	3.425511197679308	0.0	3.425511197679308	0.0	-3.1511343	3.8907683	22.256815		
0	1	23.82400113157928	3.5013969	-899.86578	-3.450507644687229	0.0	0.01209012481648763	23.82400113157928	3.450507644687229	0.0	3.450507644687229	0.0	-3.1507874	3.8910213	22.225285		
0	1	23.92400113632903	3501.4362	-899.82635	-3.47550377468533	0.0	0.01217764845798069	23.92400113632903	3.47550377468533	0.0	3.47550377468533	0.0	-3.1506846	3.8912356	22.43811		
0	1	24.02400114107877	3.5015545	-899.96429	-3.500500287441678	0.0	0.01226517318345812	24.02400114107877	3.500500287441678	0.0	3.500500287441678	0.0	-3.151274	3.8907704	22.414463		
0	1	24.12400114582852	3.5014362	-899.94458	-3.525496482815213	0.0	0.01235269528103299	24.12400114582852	3.525496482815214	0.0	3.525496482815214	0.0	-3.1510985	3.8907242	22.351402		
0	1	24.22400115057826	3.5013576	-899.94458	-3.55049309431288	0.0	0.0124402185788303	24.22400115057826	3.550493094312881	0.0	3.550493094312881	0.0	-3.1510277	3.8906369	22.311991		
0	1	24.32400115532801	3.5014362	-899.78699	-3.575489552374946	0.0	0.01252774112358941	24.32400115532801	3.575489552374946	0.0	3.575489552374946	0.0	-3.1505468	3.8914058	22.241049		
0	1	24.42400116007775	3.5013969	-899.8067	-3.600486262139214	0.0	0.01261526338840061	24.42400116007775	3.600486262139215	0.0	3.600486262139215	0.0	-3.1505804	3.8912768	22.343519		
0	1	24.5240011648275	3.5013576	-899.90515	-3.625483081495497	0.0	0.01270278542697483	24.5240011648275	3.625483081495497	0.0	3.625483081495497	0.0	-3.1508896	3.8908074	22.272579		
0	1	24.62400116957724	3.5013576	-899.86578	-3.650479419182671	0.0	0.01279030558227539	24.62400116957724	3.650479419182672	0.0	3.650479419182672	0.0	-3.1507518	3.8909776	22.40658		
0	1	24.72400117432699	3.5013182	-899.8855	-3.675476238471137	0.0	0.01287782665635851	24.72400117432699	3.675476238471138	0.0	3.675476238471138	0.0	-3.1507854	3.8908486	22.548464		
0	1	24.82400117907673	3.5012	-899.90515	-3.700472838846843	0.0	0.01296534645182292	24.82400117907673	3.700472838846843	0.0	3.700472838846843	0.0	-3.1507478	3.8906322	22.414463		
0	1	24.92400118382648	3.5012789	-899.90515	-3.725469253133138	0.0	0.01305286459174262	24.92400118382648	3.725469253133139	0.0	3.725469253133139	0.0	-3.1508188	3.8907199	22.051872		
0	1	25.02400118857622	3.5012	-899.78699	-3.75046589714898	0.0	0.01314038322075738	25.02400118857622	3.750465897148981	0.0	3.750465897148981	0.0	-3.1503341	3.8911431	22.099167		
0	1	25.12400119332597	3.5011606	-899.90515	-3.775462026909722	0.0	0.01322789945787218	25.12400119332597	3.775462026909723	0.0	3.775462026909723	0.0	-3.1507125	3.8905885	22.319874		
0	1	25.22400119807571	3.5011606	-899.86578	-3.800458867967394	0.0	0.01331541737725152	25.22400119807571	3.800458867967395	0.0	3.800458867967395	0.0	-3.1505747	3.8907588	22.17799		
0	1	25.32400120282546	3501.1213	-899.90515	-3.82545513994005	0.0	0.01340293310723199	25.32400120282546	3.825455139940051	0.0	3.825455139940051	0.0	-3.150677	3.8905449	22.382933		
0	1	25.4240012075752	3.5011606	-899.72791	-3.850451784057617	0.0	0.01349044937282986	25.4240012075752	3.850451784057618	0.0	3.850451784057618	0.0	-3.1500919	3.891355	22.20952		
0	1	25.52400121232495	3.5011213	-899.82635	-3.875448438856337	0.0	0.01357796516506619	25.52400121232495	3.875448438856338	0.0	3.875448438856338	0.0	-3.1504011	3.8908854	22.43811		
0	1	25.62400121707469	3.5010033	-899.86578	-3.900445028279623	0.0	0.01366548023613824	25.62400121707469	3.900445028279623	0.0	3.900445028279623	0.0	-3.1504331	3.8905838	22.587875		
0	1	25.72400122182444	3.5010426	-899.90515	-3.92544196794298	0.0	0.01375299621799045	25.72400122182444	3.92544196794298	0.0	3.92544196794298	0.0	-3.1506064	3.8904574	22.28046		
0	1	25.82400122657418	3501.0819		-3.95043872144911	0.0	0.01384051123399523	25.82400122657418	3.950438721449111	0.0	3.950438721449111	0.0	-3.1500902	3.8911822	22.327757		
0	1	25.92400123132393	3.5010819	-899.8855	-3.97543539835612	0.0	0.01392802548923069	25.92400123132393	3.97543539835612	0.0	3.97543539835612	0.0	-3.1505728	3.8905861	22.304108		
0	1	26.02400123607367	3501.0033	-899.92493	-4.000431856486003	0.0	0.01401553797471788	26.02400123607367	4.000431856486003	0.0	4.000431856486003	0.0	-3.15064	3.8903282	22.217402		
0	1	26.12400124082342	3.5009243	-899.92493	-4.025428653530545	0.0	0.01410305072089301	26.12400124082342	4.025428653530545	0.0	4.025428653530545	0.0	-3.1505692	3.8902404	22.40658		
0	1	26.22400124557316	3.5009637	-899.82635	-4.050425089755588	0.0	0.01419056186835395	26.22400124557316	4.050425089755588	0.0	4.050425089755588	0.0	-3.1502595	3.8907104	22.264696		
0	1	26.32400125032291	3.5009243	-899.84613	-4.075421493259006	0.0	0.01427807217312283	26.32400125032291	4.075421493259006	0.0	4.075421493259006	0.0	-3.1502931	3.8905811	22.17799		
0	1	26.42400125507265	3500.9242999999997	-899.82635	-4.100417644755046	0.0	0.01436558143839518	26.42400125507265	4.100417644755046	0.0	4.100417644755046	0.0	-3.150224	3.8906667	22.256815		
0	1	26.5240012598224	3.5008457	-900.00372	-4.1254142123074	0.0	0.01445309147094727	26.5240012598224	4.1254142123074	0.0	4.1254142123074	0.0	-3.1507742	3.8898125	22.288343		
0	1	26.62400126457214	3.5008457	-899.86578	-4.150410911187066	0.0	0.01454060139227973	26.62400126457214	4.150410911187066	0.0	4.150410911187066	0.0	-3.1502912	3.8904088	22.288343		
0	1	26.72400126932189	3.5008063	-899.84613	-4.175407358296712	0.0	0.01462810998006185	26.72400126932189	4.175407358296712	0.0	4.175407358296712	0.0	-3.150187	3.89045	22.296227		
0	1	26.82400127407163	3.5007668	-899.96429	-4.200403870815701	0.0	0.01471561781263563	26.82400127407163	4.200403870815701	0.0	4.200403870815701	0.0	-3.1505651	3.8898952	22.382933		
0	1	26.92400127882138	3500.8849999999998	-899.84613	-4.225400766567654	0.0	0.01480312728162977	26.92400127882138	4.225400766567654	0.0	4.225400766567654	0.0	-3.1502578	3.8905375	22.501167		
0	1	27.02400128357112	3.5007274	-899.84613	-4.250396896226671	0.0	0.01489063314317491	27.02400128357112	4.250396896226671	0.0	4.250396896226671	0.0	-3.150116	3.8903623	22.248932		
0	1	27.12400128832087	3.5007274	-899.86578	-4.275393266465929	0.0	0.01497813919650608	27.12400128832087	4.275393266465929	0.0	4.275393266465929	0.0	-3.1501849	3.8902774	22.390814		
0	1	27.22400129307061	3.5007274	-899.8067	-4.300389669867622	0.0	0.01506564518961589	27.22400129307061	4.300389669867621	0.0	4.300389669867621	0.0	-3.1499779	3.8905327	22.17799		
0	1	27.32400129782036	3.5006881	-899.82635	-4.325386324835883	0.0	0.01515315129557292	27.32400129782036	4.325386324835883	0.0	4.325386324835883	0.0	-3.1500113	3.890404	22.304108		
0	1	27.4240013025701	3500.7274	-899.8067	-4.350382651502821	0.0	0.0152406558194987	27.4240013025701	4.35038265150282	0.0	4.35038265150282	0.0	-3.1499779	3.8905327	22.217402		
0	1	27.52400130731985	3.5006487	-899.90515	-4.375379230041504	0.0	0.01532816059529622	27.52400130731985	4.375379230041503	0.0	4.375379230041503	0.0	-3.1502519	3.8900197	22.304108		
0	1	27.62400131206959	3500.6487	-899.98395	-4.400375961778429	0.0	0.01541566519992404	27.62400131206959	4.400375961778428	0.0	4.400375961778428	0.0	-3.1505277	3.8896792	22.485405		
0	1	27.72400131681934	3.5006487	-899.92493	-4.42537257317437	0.0	0.0155031690483941	27.72400131681934	4.42537257317437	0.0	4.42537257317437	0.0	-3.150321	3.8899343	22.201637		
0	1	27.82400132156909	3.5005305	-899.84613	-4.45036932691786	0.0	0.01559067252794054	27.82400132156909	4.450369326917859	0.0	4.450369326917859	0.0	-3.1499388	3.8901434	22.193754		
0	1	27.92400132631883	3.5006094	-899.90515	-4.475366430664063	0.0	0.01567817703667535	27.92400132631883	4.475366430664062	0.0	4.475366430664062	0.0	-3.1502163	3.889976	22.414463		
0	1	28.02400133106858	3.5005305	-899.84613	-4.50036287753635	0.0	0.01576567873399522	28.02400133106858	4.500362877536349	0.0	4.500362877536349	0.0	-3.1499388	3.8901434	22.14646		
0	1	28.12400133581832	3.5004518	-899.94458	-4.525359346483019	0.0	0.01585317971950955	28.12400133581832	4.525359346483018	0.0	4.525359346483018	0.0	-3.1502125	3.8896303	22.390814		
0	1	28.22400134056807	3.5004911	-899.82635	-4.550355530904134	0.0	0.01594067907891168	28.22400134056807	4.550355530904134	0.0	4.550355530904134	0.0	-3.1498342	3.8901851	22.296227		
0	1	28.32400134531781	3.5005701	-899.86578	-4.575351857537163	0.0	0.01602817887681749	28.32400134531781	4.575351857537163	0.0	4.575351857537163	0.0	-3.1500432	3.8901024	22.304108		
0	1	28.42400135006756	3.5005305	-899.8067	-4.600348140597873	0.0	0.01611567791246202	28.42400135006756	4.600348140597873	0.0	4.600348140597873	0.0	-3.1498008	3.8903139	22.272579		
0	1	28.5240013548173	3.5004518	-899.8855	-4.625344511006674	0.0	0.01620317662326389	28.5240013548173	4.625344511006674	0.0	4.625344511006674	0.0	-3.1500058	3.8898857	22.327757		
0	1	28.62400135956705	3.5003338	-899.82635	-4.650341286519368	0.0	0.01629067614352756	28.62400135956705	4.650341286519369	0.0	4.650341286519369	0.0	-3.1496925	3.8900104	22.367168		
0	1	28.72400136431679	3.5004125	-899.98395	-4.675337525736491	0.0	0.01637817378621419	28.72400136431679	4.675337525736492	0.0	4.675337525736492	0.0	-3.150315	3.8894165	22.304108		
0	1	28.82400136906654	3500.3731	-899.78699	-4.700334213562011	0.0	0.01646567203477647	28.82400136906654	4.700334213562012	0.0	4.700334213562012	0.0	-3.1495903	3.8902242	22.272579		
0	1	28.92400137381628	3.5003731	-899.82635	-4.725330496385363	0.0	0.01655316859035916	28.92400137381628	4.725330496385363	0.0	4.725330496385363	0.0	-3.1497281	3.890054	22.43811		
0	1	29.02400137856603	3.5004125	-899.90515	-4.750327063835992	0.0	0.016640665689426	29.02400137856603	4.750327063835992	0.0	4.750327063835992	0.0	-3.1500392	3.8897572	22.248932		
0	1	29.12400138331577	3.5003338	-899.96429	-4.775323773566352	0.0	0.01672816214436849	29.12400138331577	4.775323773566353	0.0	4.775323773566353	0.0	-3.1501753	3.8894141	22.485405		
0	1	29.22400138806552	3.5003731	-899.8855	-4.800320242445204	0.0	0.01681565761773004	29.22400138806552	4.800320242445205	0.0	4.800320242445205	0.0	-3.149935	3.8897984	22.43811		
0	1	29.32400139281526	3.5002942	-899.96429	-4.825316984863282	0.0	0.01690315337809245	29.32400139281526	4.825316984863282	0.0	4.825316984863282	0.0	-3.1501398	3.8893702	22.256815		
0	1	29.42400139756501	3.5002549	-899.8855	-4.850313683573405	0.0	0.01699064886773003	29.42400139756501	4.850313683573405	0.0	4.850313683573405	0.0	-3.1498287	3.889667	22.193754		
0	1	29.52400140231475	3.5002155	-899.86578	-4.875310415106879	0.0	0.01707814354736328	29.52400140231475	4.875310415106879	0.0	4.875310415106879	0.0	-3.1497242	3.8897085	22.193754		
0	1	29.6240014070645	3500.2549	-899.8855	-4.900306949768066	0.0	0.01716563696736654	29.6240014070645	4.900306949768066	0.0	4.900306949768066	0.0	-3.1498287	3.889667	22.264696		
0	1	29.72400141181424	3.5001369	-899.86578	-4.925303473442925	0.0	0.01725313040690104	29.72400141181424	4.925303473442925	0.0	4.925303473442925	0.0	-3.1496534	3.889621	22.288343		
0	1	29.82400141656399	3.5001762	-899.90515	-4.950300270623101	0.0	0.01734062348659939	29.82400141656399	4.950300270623101	0.0	4.950300270623101	0.0	-3.1498265	3.8894947	22.319874		
0	1	29.92400142131373	3.5002155	-899.90515	-4.975296772359212	0.0	0.01742811566975911	29.92400142131373	4.975296772359212	0.0	4.975296772359212	0.0	-3.1498621	3.8895383	22.20952		
0	1	30.02400142606348	3.5000975	-899.8067	-5.000293788452148	0.0	0.01751560961344401	30.02400142606348	5.000293788452148	0.0	5.000293788452148	0.0	-3.1494112	3.8898327	22.248932		
0	1	30.12400143081322	3.5001369	-899.90515	-5.02529057498508	0.0	0.01760310176961263	30.12400143081322	5.02529057498508	0.0	5.02529057498508	0.0	-3.1497912	3.8894508	22.248932		
0	1	30.22400143556297	3500.0579	-899.92493	-5.050287514580621	0.0	0.01769059404866536	30.22400143556297	5.050287514580621	0.0	5.050287514580621	0.0	-3.1497893	3.8892777	22.264696		
0	1	30.32400144031271	3.5000975	-899.84613	-5.075284169650607	0.0	0.01777808487874349	30.32400144031271	5.075284169650608	0.0	5.075284169650608	0.0	-3.1495492	3.8896623	22.319874		
0	1	30.42400144506246	3.5000579	-899.86578	-5.10028057284885	0.0	0.01786557403944227	30.42400144506246	5.100280572848851	0.0	5.100280572848851	0.0	-3.1495824	3.8895333	22.264696		
0	1	30.5240014498122	3.5000579	-899.90515	-5.125276888631185	0.0	0.01795306244194879	30.5240014498122	5.125276888631186	0.0	5.125276888631186	0.0	-3.1497202	3.8893631	22.50905		
0	1	30.62400145456195	3.4999399	-899.84613	-5.15027333577474	0.0	0.01804055153998481	30.62400145456195	5.150273335774741	0.0	5.150273335774741	0.0	-3.1494074	3.889487	22.477522		
0	1	30.72400145931169	3.5000975	-899.84613	-5.175269958224827	0.0	0.01812804034586589	30.72400145931169	5.175269958224828	0.0	5.175269958224828	0.0	-3.1495492	3.8896623	22.256815		
0	1	30.82400146406144	3500.0579	-899.92493	-5.200266580268012	0.0	0.01821552853976779	30.82400146406144	5.200266580268013	0.0	5.200266580268013	0.0	-3.1497893	3.8892777	22.414463		
0	1	30.92400146881118	3.4999399	-899.90515	-5.225263673129612	0.0	0.01830301844102648	30.92400146881118	5.225263673129612	0.0	5.225263673129612	0.0	-3.1496139	3.8892319	22.343519		
0	1	31.02400147356093	3.4999399	-899.86578	-5.250260645446778	0.0	0.01839050734944661	31.02400147356093	5.250260645446779	0.0	5.250260645446779	0.0	-3.1494763	3.8894022	22.28046		
0	1	31.12400147831067	3.4999793	-899.82635	-5.275256939222547	0.0	0.01847799303710938	31.12400147831067	5.275256939222549	0.0	5.275256939222549	0.0	-3.1493735	3.8896163	22.390814		
0	1	31.22400148306042	3.4999793	-899.84613	-5.300253419189453	0.0	0.0185654792191569	31.22400148306042	5.300253419189454	0.0	5.300253419189454	0.0	-3.1494427	3.8895309	22.241049		
0	1	31.32400148781016	3.4998612	-899.8067	-5.325249986673991	0.0	0.01865296517591688	31.32400148781016	5.325249986673992	0.0	5.325249986673992	0.0	-3.1491985	3.88957	22.311991		
0	1	31.42400149255991	3.4997823	-899.84613	-5.350246718275282	0.0	0.01874045091946072	31.42400149255991	5.350246718275283	0.0	5.350246718275283	0.0	-3.1492655	3.889312	22.256815		
0	1	31.52400149730966	3.4999006	-899.8855	-5.3752431543986	0.0	0.0188279350382487	31.52400149730966	5.375243154398601	0.0	5.375243154398601	0.0	-3.1495097	3.8892732	22.264696		
0	1	31.6240015020594	3.4998612	-899.8855	-5.400239535895453	0.0	0.0189154186698405	31.6240015020594	5.400239535895454	0.0	5.400239535895454	0.0	-3.1494744	3.8892295	22.272579		
0	1	31.72400150680915	3.4998612	-899.98395	-5.425235906270345	0.0	0.01900290186903212	31.72400150680915	5.425235906270346	0.0	5.425235906270346	0.0	-3.1498189	3.888804	22.185871		
0	1	31.82400151155889	3.4998217	-899.82635	-5.450232429979113	0.0	0.01909038517144097	31.82400151155889	5.450232429979113	0.0	5.450232429979113	0.0	-3.1492317	3.8894413	22.17799		
0	1	31.92400151630864	3.4997823	-899.84613	-5.475228909708659	0.0	0.01917786784681532	31.92400151630864	5.47522890970866	0.0	5.47522890970866	0.0	-3.1492655	3.889312	22.485405		
0	1	32.02400152105838	3.499743	-899.84613	-5.500225509880914	0.0	0.01926535019517686	32.02400152105838	5.500225509880915	0.0	5.500225509880915	0.0	-3.1492302	3.8892682	22.28046		
0	1	32.12400152580813	3.499743	-899.8855	-5.525221584845649	0.0	0.01935283031263563	32.12400152580813	5.52522158484565	0.0	5.52522158484565	0.0	-3.149368	3.8890982	22.351402		
0	1	32.22400153055787	3.499743	-899.78699	-5.550218075832791	0.0	0.01944031121663412	32.22400153055787	5.550218075832793	0.0	5.550218075832793	0.0	-3.1490233	3.889524	22.288343		
0	1	32.32400153530762	3.499625	-899.82635	-5.575214391411675	0.0	0.01952779136908637	32.32400153530762	5.575214391411677	0.0	5.575214391411677	0.0	-3.1490548	3.8892226	22.256815		
0	1	32.42400154005736	3.4997823	-899.90515	-5.600210827568902	0.0	0.01961527129408095	32.42400154005736	5.600210827568904	0.0	5.600210827568904	0.0	-3.1494722	3.8890569	22.185871		
0	1	32.52400154480711	3.4997036	-899.90515	-5.625207624884712	0.0	0.01970275224717882	32.52400154480711	5.625207624884713	0.0	5.625207624884713	0.0	-3.1494014	3.8889694	22.217402		
0	1	32.62400154955685	3.499625	-899.82635	-5.650203634202745	0.0	0.01979022981228299	32.62400154955685	5.650203634202748	0.0	5.650203634202748	0.0	-3.1490548	3.8892226	22.036106		
0	1	32.7240015543066	3.4997036	-899.82635	-5.675200267096625	0.0	0.01987770944173177	32.7240015543066	5.675200267096628	0.0	5.675200267096628	0.0	-3.1491256	3.8893101	22.453875		
0	1	32.82400155905634	3.4996643	-899.86578	-5.700196331244575	0.0	0.01996518611626519	32.82400155905634	5.700196331244577	0.0	5.700196331244577	0.0	-3.1492281	3.8890958	22.319874		
0	1	32.92400156380609	3.4995854	-899.8855	-5.725192964341906	0.0	0.02005266513563368	32.92400156380609	5.725192964341908	0.0	5.725192964341908	0.0	-3.1492262	3.8889229	22.264696		
0	1	33.02400156855583	3.4995067	-899.8855	-5.750189258015951	0.0	0.02014014192287869	33.02400156855583	5.750189258015952	0.0	5.750189258015952	0.0	-3.1491554	3.8888354	22.367168		
0	1	33.12400157330558	3.4995461	-899.8855	-5.775186109958224	0.0	0.02022762011230469	33.12400157330558	5.775186109958227	0.0	5.775186109958227	0.0	-3.1491907	3.8888793	22.445992		
0	1	33.22400157805532	3.4995854	-899.78699	-5.800182392747667	0.0	0.02031509629001194	33.22400157805532	5.800182392747669	0.0	5.800182392747669	0.0	-3.1488814	3.8893487	22.288343		
0	1	33.32400158280507	3.4995854	-899.86578	-5.82517892727322	0.0	0.02040257262003581	33.32400158280507	5.825178927273223	0.0	5.825178927273223	0.0	-3.149157	3.8890083	22.390814		
0	1	33.42400158755481	3.4995461	-899.78699	-5.850174980333116	0.0	0.02049004722642687	33.42400158755481	5.850174980333119	0.0	5.850174980333119	0.0	-3.1488459	3.8893051	22.40658		
0	1	33.52400159230456	3.4994674	-899.8855	-5.87517126308865	0.0	0.02057752163275825	33.52400159230456	5.875171263088652	0.0	5.875171263088652	0.0	-3.1491199	3.8887918	22.335638		
0	1	33.6240015970543	3.4995854	-899.86578	-5.90016791809082	0.0	0.02066499726277669	33.6240015970543	5.900167918090823	0.0	5.900167918090823	0.0	-3.149157	3.8890083	22.461756		
0	1	33.72400160180405	3.4994674	-899.92493	-5.925164277716743	0.0	0.02075247148532443	33.72400160180405	5.925164277716745	0.0	5.925164277716745	0.0	-3.1492579	3.8886213	22.201637		
0	1	33.82400160655379	3.4994674	-899.82635	-5.950160549621582	0.0	0.02083994504706489	33.82400160655379	5.950160549621585	0.0	5.950160549621585	0.0	-3.1489129	3.8890474	22.335638		
0	1	33.92400161130354	3.4994674	-900.06274	-5.975157193739149	0.0	0.02092741904459635	33.92400161130354	5.975157193739152	0.0	5.975157193739152	0.0	-3.1497402	3.888026	22.311991		
0	1	34.02400161605328	3.4993885	-899.92493	-6.000153695576985	0.0	0.02101489218939887	34.02400161605328	6.000153695576988	0.0	6.000153695576988	0.0	-3.1491868	3.8885338	22.343519		
0	1	34.12400162080303	3499.3884999999996	-899.86578	-6.025150044013129	0.0	0.02110236404825847	34.12400162080303	6.025150044013132	0.0	6.025150044013132	0.0	-3.1489799	3.8887894	22.643053		
0	1	34.22400162555277	3.499428	-899.96429	-6.050146567620171	0.0	0.02118983628445096	34.22400162555277	6.050146567620174	0.0	6.050146567620174	0.0	-3.1493602	3.8884077	22.162226		
0	1	34.32400163030252	3499.3491	-899.8855	-6.075143408711751	0.0	0.02127730941555447	34.32400163030252	6.075143408711754	0.0	6.075143408711754	0.0	-3.1490135	3.8886604	22.769171		
0	1	34.42400163505226	3.4993885	-899.86578	-6.100140249871148	0.0	0.02136478246758355	34.42400163505226	6.100140249871151	0.0	6.100140249871151	0.0	-3.1489799	3.8887894	22.241049		
0	1	34.52400163980201	3499.3098	-899.98395	-6.125136707763672	0.0	0.02145225364773221	34.52400163980201	6.125136707763675	0.0	6.125136707763675	0.0	-3.1493225	3.8881912	22.272579		
0	1	34.62400164455175	3.4992311	-899.90515	-6.150133176981608	0.0	0.02153972409939236	34.62400164455175	6.150133176981611	0.0	6.150133176981611	0.0	-3.1489761	3.8884444	22.296227		
0	1	34.7240016493015	3.4993098	-899.82635	-6.175128858235677	0.0	0.0216271919905599	34.7240016493015	6.17512885823568	0.0	6.17512885823568	0.0	-3.148771	3.8888724	22.264696		
0	1	34.82400165405124	3.4992704	-899.8855	-6.200125130140517	0.0	0.02171466072903103	34.82400165405124	6.20012513014052	0.0	6.20012513014052	0.0	-3.1489427	3.8885729	22.367168		
0	1	34.92400165880099	3499.1918	-899.94458	-6.225121412997775	0.0	0.02180212883734809	34.92400165880099	6.225121412997779	0.0	6.225121412997779	0.0	-3.1490786	3.8882303	22.335638		
0	1	35.02400166355073	3499.2704	-899.82635	-6.250118024224175	0.0	0.02188959779893663	35.02400166355073	6.250118024224179	0.0	6.250118024224179	0.0	-3.1487358	3.8888285	22.43811		
0	1	35.12400166830048	3.4992311	-899.8067	-6.275114657321506	0.0	0.02197706632554796	35.12400166830048	6.27511465732151	0.0	6.27511465732151	0.0	-3.1486316	3.8888698	22.114929		
0	1	35.22400167305022	3499.2704		-6.300111465623644	0.0	0.02206453509033203	35.22400167305022	6.300111465623647	0.0	6.300111465623647	0.0	-3.1488738	3.8886583	22.319874		
0	1	35.32400167779997	3499.2311	-899.90515	-6.325108394300673	0.0	0.02215200415812174	35.32400167779997	6.325108394300677	0.0	6.325108394300677	0.0	-3.1489761	3.8884444	22.367168		
0	1	35.42400168254972	3.4991522	-899.96429	-6.350104721103245	0.0	0.02223947056830512	35.42400168254972	6.350104721103248	0.0	6.350104721103248	0.0	-3.149112	3.8881011	22.343519		
0	1	35.52400168729946	3.4991128	-899.90515	-6.375101135321724	0.0	0.02232693692952474	35.52400168729946	6.375101135321727	0.0	6.375101135321727	0.0	-3.1488698	3.8883131	22.398697		
0	1	35.62400169204921	3.4991128	-899.96429	-6.400097100863986	0.0	0.02241440146430122	35.62400169204921	6.400097100863991	0.0	6.400097100863991	0.0	-3.1490767	3.8880575	22.114929		
0	1	35.72400169679895	3499.0735	-899.8855	-6.425093515082465	0.0	0.02250186693929036	35.72400169679895	6.42509351508247	0.0	6.42509351508247	0.0	-3.1487656	3.8883541	22.540581		
0	1	35.8240017015487	3.4991522	-899.84613	-6.450089513515897	0.0	0.02258933064398871	35.8240017015487	6.4500895135159	0.0	6.4500895135159	0.0	-3.1486986	3.8886118	22.327757		
0	1	35.92400170629844	3.4991522	-899.98395	-6.475085730895996	0.0	0.0226767942686632	35.92400170629844	6.475085730896	0.0	6.475085730896	0.0	-3.1491809	3.8880162	22.288343		
0	1	36.02400171104819	3.4991522	-899.8855	-6.500082560899522	0.0	0.02276425991943359	36.02400171104819	6.500082560899526	0.0	6.500082560899526	0.0	-3.1488364	3.8884416	22.422344		
0	1	36.12400171579793	3.4990735	-899.84613	-6.52507964263916	0.0	0.02285172599812825	36.12400171579793	6.525079642639163	0.0	6.525079642639163	0.0	-3.1486278	3.8885243	22.107048		
0	1	36.22400172054768	3499.0735		-6.550076221042209	0.0	0.02293918937093099	36.22400172054768	6.550076221042212	0.0	6.550076221042212	0.0	-3.1487656	3.8883541	22.311991		
0	1	36.32400172529742	3.4989555	-899.86578	-6.575072919955783	0.0	0.02302665310655382	36.32400172529742	6.575072919955786	0.0	6.575072919955786	0.0	-3.1485903	3.8883083	22.311991		
0	1	36.42400173004717	3499.0342		-6.600069377950033	0.0	0.02311411586181641	36.42400173004717	6.600069377950035	0.0	6.600069377950035	0.0	-3.1486611	3.8883955	22.114929		
0	1	36.52400173479691	3.4989555	-899.84613	-6.62506575958252	0.0	0.02320157809393989	36.52400173479691	6.625065759582522	0.0	6.625065759582522	0.0	-3.1485217	3.8883932	22.485405		
0	1	36.62400173954666	3.4989159	-899.90515	-6.65006251308865	0.0	0.02328904103691949	36.62400173954666	6.650062513088653	0.0	6.650062513088653	0.0	-3.1486924	3.8880942	22.193754		
0	1	36.7240017442964	3.4989948	-899.8855	-6.675058774210612	0.0	0.02337650160739475	36.7240017442964	6.675058774210616	0.0	6.675058774210616	0.0	-3.1486948	3.8882668	22.477522		
0	1	36.82400174904615	3.4990342	-899.82635	-6.700054827507866	0.0	0.02346396125298394	36.82400174904615	6.70005482750787	0.0	6.70005482750787	0.0	-3.1485231	3.888566	22.43811		
0	1	36.92400175379589	3.4988766	-899.76733	-6.725051394856771	0.0	0.02355142210598416	36.92400175379589	6.725051394856774	0.0	6.725051394856774	0.0	-3.1481748	3.8886459	22.430227		
0	1	37.02400175854564	3498.9555	-899.8855	-6.750047699754503	0.0	0.02363888182495117	37.02400175854564	6.750047699754506	0.0	6.750047699754506	0.0	-3.1486592	3.8882229	22.382933		
0	1	37.12400176329538	3.4988766	-899.90515	-6.775044026557075	0.0	0.02372634122667101	37.12400176329538	6.775044026557078	0.0	6.775044026557078	0.0	-3.1486571	3.8880503	22.414463		
0	1	37.22400176804513	3.4987979	-899.84613	-6.800040123392741	0.0	0.02381379884006076	37.22400176804513	6.800040123392744	0.0	6.800040123392744	0.0	-3.1483798	3.8882179	22.375051		
0	1	37.32400177279487	3498.7979	-899.8067	-6.82503659254286	0.0	0.02390125797186957	37.32400177279487	6.825036592542864	0.0	6.825036592542864	0.0	-3.1482418	3.8883884	22.304108		
0	1	37.42400177754462	3.4988766	-899.86578	-6.850032809889052	0.0	0.0239887155738661	37.42400177754462	6.850032809889055	0.0	6.850032809889055	0.0	-3.1485193	3.8882205	22.469639		
0	1	37.52400178229436	3.4987586	-899.82635	-6.875029158562554	0.0	0.02407617298624674	37.52400178229436	6.875029158562557	0.0	6.875029158562557	0.0	-3.1482751	3.8882596	22.288343		
0	1	37.62400178704411	3498.7979	-899.84613	-6.900025376010471	0.0	0.02416362934936523	37.62400178704411	6.900025376010474	0.0	6.900025376010474	0.0	-3.1483798	3.8882179	22.217402		
0	1	37.72400179179385	3.4986796	-899.94458	-6.92502199798584	0.0	0.02425108726508246	37.72400179179385	6.925021997985843	0.0	6.925021997985843	0.0	-3.1486177	3.8876612	22.319874		
0	1	37.8240017965436	3.4986403	-899.8067	-6.950018138766819	0.0	0.02433854306396484	37.8240017965436	6.950018138766821	0.0	6.950018138766821	0.0	-3.1480999	3.8882132	22.122812		
0	1	37.92400180129334	3498.7192	-899.86578	-6.975014552747939	0.0	0.02442599881591797	37.92400180129334	6.975014552747941	0.0	6.975014552747941	0.0	-3.1483777	3.8880455	22.256815		
0	1	38.02400180604309	3.4987192	-899.8067	-7.000010977817111	0.0	0.02451345442843967	38.02400180604309	7.000010977817114	0.0	7.000010977817114	0.0	-3.1481709	3.8883009	22.359285		
0	1	38.12400181079283	3.4986796	-899.82635	-7.025007402784559	0.0	0.02460090986341688	38.12400181079283	7.025007402784562	0.0	7.025007402784562	0.0	-3.1482041	3.8881719	22.367168		
0	1	38.22400181554258	3.4986403	-899.8067	-7.050003959520128	0.0	0.0246883652464464	38.22400181554258	7.05000395952013	0.0	7.05000395952013	0.0	-3.1480999	3.8882132	22.414463		
0	1	38.32400182029232	3.4986403	-899.86578	-7.075000461324056	0.0	0.02477582010321723	38.32400182029232	7.075000461324058	0.0	7.075000461324058	0.0	-3.1483066	3.8879578	22.382933		
0	1	38.42400182504207	3.4987192	-899.90515	-7.099997182176378	0.0	0.02486327558770074	38.42400182504207	7.09999718217638	0.0	7.09999718217638	0.0	-3.1485155	3.8878756	22.114929		
0	1	38.52400182979181	3.4986796	-899.8855	-7.12499345445421	0.0	0.02495072912828233	38.52400182979181	7.124993454454212	0.0	7.124993454454212	0.0	-3.148411	3.8879166	22.501167		
0	1	38.62400183454156	3.4986796	-899.84613	-7.149990065646701	0.0	0.02503818324422201	38.62400183454156	7.149990065646703	0.0	7.149990065646703	0.0	-3.1482732	3.8880866	22.351402		
0	1	38.7240018392913	3.4987192	-899.8855	-7.174986830206977	0.0	0.02512563726698134	38.7240018392913	7.174986830206978	0.0	7.174986830206978	0.0	-3.1484468	3.8879604	22.130695		
0	1	38.82400184404105	3.4985223	-899.8067	-7.19998308013916	0.0	0.0252130895288086	38.82400184404105	7.199983080139162	0.0	7.199983080139162	0.0	-3.1479938	3.888082	22.359285		
0	1	38.92400184879079	3.4986796	-899.86578	-7.224979625752767	0.0	0.02530054233330621	38.92400184879079	7.224979625752768	0.0	7.224979625752768	0.0	-3.1483421	3.8880017	22.083401		
0	1	39.02400185354054	3.498601	-899.90515	-7.249975886773004	0.0	0.0253879937878418	39.02400185354054	7.249975886773004	0.0	7.249975886773004	0.0	-3.1484091	3.8877442	22.185871		
0	1	39.12400185829028	3.4985223	-899.84613	-7.274971753675673	0.0	0.0254754431362576	39.12400185829028	7.274971753675674	0.0	7.274971753675674	0.0	-3.1481318	3.8879118	22.493286		
0	1	39.22400186304003	3.4985223	-899.90515	-7.299968310241699	0.0	0.0255628946605089	39.22400186304003	7.299968310241701	0.0	7.299968310241701	0.0	-3.1483383	3.8876567	22.40658		
0	1	39.32400186778978	3.4985223	-899.82635	-7.32496477915446	0.0	0.02565034546535916	39.32400186778978	7.324964779154461	0.0	7.324964779154461	0.0	-3.1480625	3.8879972	22.398697		
0	1	39.42400187253952	3.4985616	-899.92493	-7.349960919765897	0.0	0.02573779443223741	39.42400187253952	7.349960919765898	0.0	7.349960919765898	0.0	-3.1484427	3.887615	22.40658		
0	1	39.52400187728927	3.4984434	-899.84613	-7.374957224527995	0.0	0.02582524389444987	39.52400187728927	7.374957224527997	0.0	7.374957224527997	0.0	-3.1480608	3.8878241	22.248932		
0	1	39.62400188203901	3.4984829	-899.92493	-7.399953693440755	0.0	0.02591269318210178	39.62400188203901	7.399953693440757	0.0	7.399953693440757	0.0	-3.1483719	3.8875275	22.414463		
0	1	39.72400188678876	3.498404	-899.90515	-7.424950052897136	0.0	0.02600014230333116	39.72400188678876	7.424950052897137	0.0	7.424950052897137	0.0	-3.1482317	3.8875253	22.343519		
0	1	39.8240018915385	3.4984434	-899.82635	-7.449946434326172	0.0	0.02608759057549371	39.8240018915385	7.449946434326174	0.0	7.449946434326174	0.0	-3.1479917	3.8879094	22.288343		
0	1	39.92400189628825	3.498404	-899.94458	-7.474942925042046	0.0	0.02617503901353624	39.92400189628825	7.474942925042049	0.0	7.474942925042049	0.0	-3.1483698	3.8873549	22.351402		
0	1	40.02400190103799	3.498404	-899.86578	-7.499939218919542	0.0	0.02626248621120877	40.02400190103799	7.499939218919544	0.0	7.499939218919544	0.0	-3.1480942	3.8876953	22.359285		
0	1	40.12400190578774	3.498286	-899.8855	-7.524935217454698	0.0	0.02634993219902886	40.12400190578774	7.524935217454701	0.0	7.524935217454701	0.0	-3.1480567	3.8874791	22.327757		
0	1	40.22400191053748	3.4983647	-899.8855	-7.549931368781196	0.0	0.02643737809163411	40.22400191053748	7.549931368781198	0.0	7.549931368781198	0.0	-3.1481276	3.8875666	22.28046		
0	1	40.32400191528723	3.4983647	-899.90515	-7.57492779381646	0.0	0.02652482462673611	40.32400191528723	7.574927793816463	0.0	7.574927793816463	0.0	-3.1481965	3.8874815	22.296227		
0	1	40.42400192003697	3.498286	-899.8855	-7.59992414235433	0.0	0.02661227052001953	40.42400192003697	7.599924142354332	0.0	7.599924142354332	0.0	-3.1480567	3.8874791	22.225285		
0	1	40.52400192478672	3.4983253	-899.92493	-7.624920742662218	0.0	0.02669971703857422	40.52400192478672	7.62492074266222	0.0	7.62492074266222	0.0	-3.1482301	3.8873525	22.453875		
0	1	40.62400192953646	3.4983253	-899.86578	-7.649917178649902	0.0	0.02678716241210937	40.62400192953646	7.649917178649905	0.0	7.649917178649905	0.0	-3.1480234	3.8876078	22.343519		
0	1	40.72400193428621	3.4982467	-899.8067	-7.674913286302354	0.0	0.02687460606608073	40.72400193428621	7.674913286302357	0.0	7.674913286302357	0.0	-3.1477458	3.8877757	22.359285		
0	1	40.82400193903595	3.498286	-899.76733	-7.69990958017985	0.0	0.0269620502335612	40.82400193903595	7.699909580179853	0.0	7.699909580179853	0.0	-3.1476436	3.8879895	22.28046		
0	1	40.9240019437857	3.4982467	-899.82635	-7.724906005215115	0.0	0.02704949448554145	40.9240019437857	7.724906005215117	0.0	7.724906005215117	0.0	-3.1478145	3.8876908	22.469639		
0	1	41.02400194853544	3498.2859999999996		-7.749902485046387	0.0	0.02713693851535373	41.02400194853544	7.749902485046388	0.0	7.749902485046388	0.0	-3.14785	3.8877347	22.351402		
0	1	41.12400195328519	3.4982467	-899.90515	-7.774898975863986	0.0	0.02722438179538303	41.12400195328519	7.774898975863988	0.0	7.774898975863988	0.0	-3.1480901	3.8873503	22.319874		
0	1	41.22400195803493	3.4983253	-899.92493	-7.799895488586426	0.0	0.02731182556559245	41.22400195803493	7.799895488586428	0.0	7.799895488586428	0.0	-3.1482301	3.8873525	22.375051		
0	1	41.32400196278468	3.4982467	-899.86578	-7.824891662055122	0.0	0.02739926732150608	41.32400196278468	7.824891662055124	0.0	7.824891662055124	0.0	-3.1479526	3.8875206	22.248932		
0	1	41.42400196753442	3.4982071	-899.74762	-7.849887901340061	0.0	0.0274867089332411	41.42400196753442	7.849887901340063	0.0	7.849887901340063	0.0	-3.1475036	3.8879871	22.343519		
0	1	41.52400197228417	3.4981678	-899.82635	-7.874884315660265	0.0	0.02757415068522135	41.52400197228417	7.874884315660267	0.0	7.874884315660267	0.0	-3.1477435	3.887603	22.304108		
0	1	41.62400197703391	3.4980497	-899.90515	-7.899880510932075	0.0	0.02766159151340061	41.62400197703391	7.899880510932077	0.0	7.899880510932077	0.0	-3.147913	3.8871317	22.398697		
0	1	41.72400198178366	3.4980102	-899.82635	-7.924876903143988	0.0	0.02774903228312174	41.72400198178366	7.924876903143991	0.0	7.924876903143991	0.0	-3.1476018	3.887428	22.611523		
0	1	41.8240019865334	3.4981284	-899.90515	-7.949873229844835	0.0	0.02783647250800239	41.8240019865334	7.949873229844838	0.0	7.949873229844838	0.0	-3.1479838	3.887219	22.375051		
0	1	41.92400199128315	3498.0891	-899.86578	-7.974869523824056	0.0	0.02792391265774197	41.92400199128315	7.974869523824059	0.0	7.974869523824059	0.0	-3.1478107	3.8873453	22.367168		
0	1	42.02400199603289	3.4980891	-899.8855	-7.999865423685709	0.0	0.0280113509765625	42.02400199603289	7.999865423685712	0.0	7.999865423685712	0.0	-3.1478796	3.8872602	22.477522		
0	1	42.12400200078264	3.4981678	-899.92493	-8.02486180504693	0.0	0.02809879017293294	42.12400200078264	8.024861805046932	0.0	8.024861805046932	0.0	-3.1480885	3.8871772	22.375051		
0	1	42.22400200553238	3498.0497	-899.8855	-8.049858066168891	0.0	0.02818622861395942	42.22400200553238	8.049858066168893	0.0	8.049858066168893	0.0	-3.1478443	3.8872166	22.367168		
0	1	42.32400201028213	3.4980891	-899.86578	-8.074854546169705	0.0	0.02827366750528972	42.32400201028213	8.074854546169707	0.0	8.074854546169707	0.0	-3.1478107	3.8873453	22.398697		
0	1	42.42400201503187	3.4980497	-899.76733	-8.099850741577148	0.0	0.02836110492865668	42.42400201503187	8.09985074157715	0.0	8.09985074157715	0.0	-3.1474309	3.887727	22.201637		
0	1	42.52400201978162	3.4980102	-899.8855	-8.124847319980198	0.0	0.02844854369194879	42.52400201978162	8.1248473199802	0.0	8.1248473199802	0.0	-3.1478086	3.8871725	22.248932		
0	1	42.62400202453136	3.4979315	-899.78699	-8.149843449673122	0.0	0.02853598003879123	42.62400202453136	8.149843449673124	0.0	8.149843449673124	0.0	-3.1473932	3.8875105	22.311991		
0	1	42.72400202928111	3.4979315	-899.8855	-8.174839863823784	0.0	0.02862341720364041	42.72400202928111	8.174839863823786	0.0	8.174839863823786	0.0	-3.1477377	3.887085	22.28046		
0	1	42.82400203403085	3497.9315	-899.8067	-8.199835873141819	0.0	0.02871085281426324	42.82400203403085	8.19983587314182	0.0	8.19983587314182	0.0	-3.1474621	3.8874254	22.311991		
0	1	42.9240020387806	3497.8134999999997		-8.224832199842664	0.0	0.02879828872911241	42.9240020387806	8.224832199842666	0.0	8.224832199842666	0.0	-3.1475627	3.8870392	22.469639		
0	1	43.02400204353035	3.4979315	-899.94458	-8.249828800116646	0.0	0.02888572483303494	43.02400204353035	8.249828800116646	0.0	8.249828800116646	0.0	-3.1479445	3.8868299	22.264696		
0	1	43.12400204828009	3.4978528	-899.98395	-8.274825039367675	0.0	0.02897315973334418	43.12400204828009	8.274825039367677	0.0	8.274825039367677	0.0	-3.1480114	3.8865724	22.319874		
0	1	43.22400205302984	3.4978921	-899.8855	-8.299821530320909	0.0	0.02906059512057834	43.22400205302984	8.29982153032091	0.0	8.29982153032091	0.0	-3.1477025	3.8870413	22.28046		
0	1	43.32400205777958	3.4979708	-899.86578	-8.324818042873806	0.0	0.0291480302875434	43.32400205777958	8.324818042873808	0.0	8.324818042873808	0.0	-3.1477044	3.8872139	22.304108		
0	1	43.42400206252933	3497.8528	-899.78699	-8.349814369405111	0.0	0.02923546411512587	43.42400206252933	8.349814369405113	0.0	8.349814369405113	0.0	-3.1473224	3.8874233	22.430227		
0	1	43.52400206727907	3.4977345	-899.78699	-8.374810783657498	0.0	0.02932289828965929	43.52400206727907	8.3748107836575	0.0	8.3748107836575	0.0	-3.1472161	3.8872917	22.611523		
0	1	43.62400207202882	3.4978135	-899.90515	-8.39980713236491	0.0	0.02941033180107965	43.62400207202882	8.399807132364911	0.0	8.399807132364911	0.0	-3.1477003	3.886869	22.311991		
0	1	43.72400207677856	3.4976952	-899.92493	-8.424803645087348	0.0	0.02949776557196723	43.72400207677856	8.42480364508735	0.0	8.42480364508735	0.0	-3.1476631	3.8866522	22.272579		
0	1	43.82400208152831	3497.8134999999997	-899.86578	-8.44979999376085	0.0	0.02958519807956272	43.82400208152831	8.449799993760852	0.0	8.449799993760852	0.0	-3.1475627	3.8870392	22.304108		
0	1	43.92400208627805	3.4978135	-899.82635	-8.474796386006673	0.0	0.02967263052178277	43.92400208627805	8.474796386006675	0.0	8.474796386006675	0.0	-3.1474247	3.8872094	22.359285		
0	1	44.0240020910278	3.4977739	-899.8067	-8.499792592603896	0.0	0.02976006203979492	44.0240020910278	8.499792592603898	0.0	8.499792592603898	0.0	-3.1473203	3.8872504	22.256815		
0	1	44.12400209577754	3.4976952	-899.8855	-8.524789192810058	0.0	0.02984749414605035	44.12400209577754	8.524789192810061	0.0	8.524789192810061	0.0	-3.1475253	3.8868225	22.422344		
0	1	44.22400210052729	3.4977739	-899.86578	-8.549785760158963	0.0	0.02993492564425998	44.22400210052729	8.549785760158965	0.0	8.549785760158965	0.0	-3.147527	3.8869951	22.398697		
0	1	44.32400210527703	3.4976952	-899.84613	-8.574782097812228	0.0	0.03002235604478624	44.32400210527703	8.574782097812232	0.0	8.574782097812232	0.0	-3.1473875	3.8869925	22.390814		
0	1	44.42400211002678	3.4976952	-899.86578	-8.59977863237169	0.0	0.0301097872128635	44.42400211002678	8.599778632371693	0.0	8.599778632371693	0.0	-3.1474562	3.8869076	22.335638		
0	1	44.52400211477652	3.4977345	-899.86578	-8.624775013834636	0.0	0.03019721713650174	44.52400211477652	8.624775013834638	0.0	8.624775013834638	0.0	-3.1474917	3.8869514	22.351402		
0	1	44.62400211952627	3497.7738999999997	-899.8067	-8.649770848117404	0.0	0.03028464526462131	44.62400211952627	8.649770848117408	0.0	8.649770848117408	0.0	-3.1473203	3.8872504	22.382933		
0	1	44.72400212427601	3.4976165	-900.00372	-8.674767327948675	0.0	0.03037207486328125	44.72400212427601	8.674767327948679	0.0	8.674767327948679	0.0	-3.1478679	3.8862245	22.272579		
0	1	44.82400212902576	3.4976952	-899.8855	-8.699763731248643	0.0	0.03045950388020833	44.82400212902576	8.699763731248646	0.0	8.699763731248646	0.0	-3.1475253	3.8868225	22.122812		
0	1	44.9240021337755	3.4975772	-899.8855	-8.72476046295166	0.0	0.03054693377048068	44.9240021337755	8.724760462951663	0.0	8.724760462951663	0.0	-3.147419	3.8866913	22.367168		
0	1	45.02400213852525	3.4977345	-899.84613	-8.749756953938801	0.0	0.03063436242540148	45.02400213852525	8.749756953938805	0.0	8.749756953938805	0.0	-3.1474228	3.8870363	22.359285		
0	1	45.12400214327499	3.4976165	-899.86578	-8.774753401082357	0.0	0.03072179041544596	45.12400214327499	8.774753401082359	0.0	8.774753401082359	0.0	-3.1473854	3.8868203	22.319874		
0	1	45.22400214802474	3.4976559	-899.82635	-8.79974969502767	0.0	0.03080921786933051	45.22400214802474	8.799749695027671	0.0	8.799749695027671	0.0	-3.1472828	3.8870342	22.445992		
0	1	45.32400215277448	3.4975772	-899.8855	-8.824745583902995	0.0	0.03089664327555339	45.32400215277448	8.824745583902997	0.0	8.824745583902997	0.0	-3.147419	3.8866913	22.485405		
0	1	45.42400215752423	3.4976165	-899.90515	-8.849741713358561	0.0	0.03098406916870117	45.42400215752423	8.849741713358563	0.0	8.849741713358563	0.0	-3.1475232	3.8866501	22.40658		
0	1	45.52400216227397	3.4974589	-899.86578	-8.874738007236056	0.0	0.03107149502739801	45.52400216227397	8.87473800723606	0.0	8.87473800723606	0.0	-3.1472437	3.8866451	22.375051		
0	1	45.62400216702372	3.4976165	-899.86578	-8.899734344957139	0.0	0.03115892084187825	45.62400216702372	8.899734344957142	0.0	8.899734344957142	0.0	-3.1473854	3.8868203	22.311991		
0	1	45.72400217177346	3.4976165	-899.92493	-8.924730485636394	0.0	0.03124634553344727	45.72400217177346	8.924730485636395	0.0	8.924730485636395	0.0	-3.1475923	3.8865647	22.296227		
0	1	45.82400217652321	3.4974983	-899.76733	-8.949726516927083	0.0	0.03133376913384332	45.82400217652321	8.949726516927086	0.0	8.949726516927086	0.0	-3.1469347	3.887114	22.185871		
0	1	45.92400218127295	3.4974589	-899.8855	-8.974723193732368	0.0	0.03142119554294162	45.92400218127295	8.97472319373237	0.0	8.97472319373237	0.0	-3.1473126	3.88656	22.453875		
0	1	46.0240021860227	3497.4983	-899.94458	-8.999719881557889	0.0	0.03150862096706814	46.0240021860227	8.99971988155789	0.0	8.99971988155789	0.0	-3.1475546	3.8863485	22.256815		
0	1	46.12400219077244	3.4974983	-899.82635	-9.024716361456978	0.0	0.03159604528984918	46.12400219077244	9.02471636145698	0.0	9.02471636145698	0.0	-3.1471412	3.8868592	22.469639		
0	1	46.22400219552219	3.4973013	-899.82635	-9.049712764926486	0.0	0.03168346903089735	46.22400219552219	9.04971276492649	0.0	9.04971276492649	0.0	-3.1469638	3.8866403	22.485405		
0	1	46.32400220027193	3497.4588999999996	-899.8855	-9.074709058736165	0.0	0.03177089213229709	46.32400220027193	9.074709058736168	0.0	9.074709058736168	0.0	-3.1473126	3.88656	22.327757		
0	1	46.42400220502168	3.4974589	-899.8855	-9.099705582275393	0.0	0.03185831562432183	46.42400220502168	9.099705582275394	0.0	9.099705582275394	0.0	-3.1473126	3.88656	22.296227		
0	1	46.52400220977142	3.4974196	-899.90515	-9.124701416524251	0.0	0.03194573648939344	46.52400220977142	9.124701416524257	0.0	9.124701416524257	0.0	-3.147346	3.8864315	22.485405		
0	1	46.62400221452117	3.4974589	-899.84613	-9.149698049621582	0.0	0.0320331598723687	46.62400221452117	9.149698049621586	0.0	9.149698049621586	0.0	-3.1471748	3.88673	22.430227		
0	1	46.72400221927091	3.4973803	-899.8067	-9.174694201253256	0.0	0.03212058064683702	46.72400221927091	9.174694201253258	0.0	9.174694201253258	0.0	-3.1469662	3.8868129	22.422344		
0	1	46.82400222402066	3.497262	-899.92493	-9.199690713975697	0.0	0.0322080025265842	46.82400222402066	9.199690713975697	0.0	9.199690713975697	0.0	-3.1472733	3.8861709	22.296227		
0	1	46.92400222877041	3.4973409	-899.90515	-9.224687412719726	0.0	0.03229542474188911	46.92400222877041	9.224687412719728	0.0	9.224687412719728	0.0	-3.1472752	3.886344	22.359285		
0	1	47.02400223352015	3497.3409	-899.86578	-9.249683443806965	0.0	0.03238284387329102	47.02400223352015	9.249683443806967	0.0	9.249683443806967	0.0	-3.1471374	3.8865139	22.217402		
0	1	47.1240022382699	3.4973409	-899.86578	-9.274680033331975	0.0	0.0324702647410753	47.1240022382699	9.27468003333198	0.0	9.27468003333198	0.0	-3.1471374	3.8865139	22.453875		
0	1	47.22400224301964	3.497262	-899.74762	-9.29967605363634	0.0	0.0325576830472819	47.22400224301964	9.29967605363634	0.0	9.29967605363634	0.0	-3.1466532	3.8869367	22.398697		
0	1	47.32400224776939	3.4973013	-899.86578	-9.324672084927029	0.0	0.03264510178575303	47.32400224776939	9.324672084927032	0.0	9.324672084927032	0.0	-3.1471019	3.8864701	22.485405		
0	1	47.42400225251913	3.4973013	-899.92493	-9.349668597683376	0.0	0.03273252189263238	47.42400225251913	9.34966859768338	0.0	9.34966859768338	0.0	-3.1473086	3.8862145	22.319874		
0	1	47.52400225726888	3.4971833	-899.84613	-9.374664847547743	0.0	0.03281994041056315	47.52400225726888	9.374664847547743	0.0	9.374664847547743	0.0	-3.1469269	3.8864236	22.351402		
0	1	47.62400226201862	3497.2227	-899.92493	-9.399661524624294	0.0	0.03290736006863064	47.62400226201862	9.399661524624296	0.0	9.399661524624296	0.0	-3.1472378	3.8861272	22.611523		
0	1	47.72400226676837	3497.2227		-9.42465843129476	0.0	0.03299477982096354	47.72400226676837	9.42465843129476	0.0	9.42465843129476	0.0	-3.1471	3.8862975	22.304108		
0	1	47.82400227151811	3.4971833	-899.8855	-9.449654812689888	0.0	0.03308219714640299	47.82400227151811	9.449654812689888	0.0	9.449654812689888	0.0	-3.1470644	3.8862536	22.453875		
0	1	47.92400227626786	3.4972227	-899.90515	-9.474651347283258	0.0	0.03316961549953885	47.92400227626786	9.47465134728326	0.0	9.47465134728326	0.0	-3.1471686	3.8862126	22.375051		
0	1	48.0240022810176	3.4971833	-899.8855	-9.499647958238388	0.0	0.03325703321465386	48.0240022810176	9.499647958238391	0.0	9.499647958238391	0.0	-3.1470644	3.8862536	22.343519		
0	1	48.12400228576735	3.4972227	-899.84613	-9.524644919637044	0.0	0.03334445170260959	48.12400228576735	9.524644919637046	0.0	9.524644919637046	0.0	-3.1469622	3.8864675	22.43811		
0	1	48.22400229051709	3.497144	-899.86578	-9.549641125996908	0.0	0.03343186770806206	48.22400229051709	9.54964112599691	0.0	9.54964112599691	0.0	-3.1469603	3.8862951	22.485405		
0	1	48.32400229526684	3.4972227	-899.82635	-9.574637540249295	0.0	0.03351928375108507	48.32400229526684	9.574637540249295	0.0	9.574637540249295	0.0	-3.146893	3.8865528	22.485405		
0	1	48.42400230001658	3497.0651	-899.8855	-9.599633845011391	0.0	0.03360669866319444	48.42400230001658	9.599633845011397	0.0	9.599633845011397	0.0	-3.1469581	3.8861222	22.256815		
0	1	48.52400230476633	3497.1440000000002	-899.8855	-9.624630412462023	0.0	0.03369411502549913	48.52400230476633	9.624630412462023	0.0	9.624630412462023	0.0	-3.1470292	3.88621	22.43811		
0	1	48.62400230951607	3.4970651	-899.94458	-9.649626662665472	0.0	0.03378152962863498	48.62400230951607	9.649626662665474	0.0	9.649626662665474	0.0	-3.1471648	3.8858671	22.453875		
0	1	48.72400231426582	3.4970257	-899.82635	-9.674622835930718	0.0	0.03386894327311198	48.72400231426582	9.67462283593072	0.0	9.67462283593072	0.0	-3.1467159	3.8863339	22.382933		
0	1	48.82400231901556	3.4970651	-899.78699	-9.699618889024524	0.0	0.03395635641859267	48.82400231901556	9.699618889024524	0.0	9.699618889024524	0.0	-3.1466136	3.8865478	22.288343		
0	1	48.92400232376531	3.4970257	-899.92493	-9.724615412835016	0.0	0.03404377079644097	48.92400232376531	9.724615412835018	0.0	9.724615412835018	0.0	-3.1470606	3.8859084	22.398697		
0	1	49.02400232851505	3.4971046	-899.92493	-9.749611422051323	0.0	0.03413118272460938	49.02400232851505	9.749611422051329	0.0	9.749611422051329	0.0	-3.1471317	3.8859959	22.422344		
0	1	49.1240023332648	3.4970651	-899.96429	-9.774607891099718	0.0	0.03421859582804362	49.1240023332648	9.774607891099722	0.0	9.774607891099722	0.0	-3.1472337	3.885782	22.398697		
0	1	49.22400233801454	3496.9471	-899.8855	-9.79960429429796	0.0	0.0343060080323622	49.22400233801454	9.799604294297964	0.0	9.799604294297964	0.0	-3.146852	3.8859911	22.327757		
0	1	49.32400234276429	3.4970257	-899.82635	-9.824600139600966	0.0	0.0343934188160536	49.32400234276429	9.824600139600967	0.0	9.824600139600967	0.0	-3.1467159	3.8863339	22.296227		
0	1	49.42400234751403	3.4969471	-899.8855	-9.84959680565728	0.0	0.03448083186021593	49.42400234751403	9.849596805657283	0.0	9.849596805657283	0.0	-3.146852	3.8859911	22.28046		
0	1	49.52400235226378	3.4969864	-899.84613	-9.874592815009224	0.0	0.03456824227294922	49.52400235226378	9.874592815009228	0.0	9.874592815009228	0.0	-3.1467497	3.886205	22.430227		
0	1	49.62400235701352	3496.8681	-899.8855	-9.89958920739068	0.0	0.03465565315999349	49.62400235701352	9.899589207390685	0.0	9.899589207390685	0.0	-3.146781	3.8859034	22.469639		
0	1	49.72400236176327	3.4969864	-899.8855	-9.924585522969563	0.0	0.03474306383707682	49.72400236176327	9.924585522969569	0.0	9.924585522969569	0.0	-3.1468873	3.8860347	22.225285		
0	1	49.82400236651301	3.4969471	-899.90515	-9.949581773173014	0.0	0.03483047408840603	49.82400236651301	9.94958177317302	0.0	9.94958177317302	0.0	-3.1469207	3.8859062	22.485405		
0	1	49.92400237126276	3.4969077	-899.84613	-9.974577870076498	0.0	0.03491788340983073	49.92400237126276	9.974577870076502	0.0	9.974577870076502	0.0	-3.1466789	3.8861175	22.461756		
0	1	50.0240023760125	3.4969864	-899.92493	-9.999574251437718	0.0	0.03500529341145833	50.0240023760125	9.99957425143772	0.0	9.99957425143772	0.0	-3.1470251	3.8858645	22.485405		
0	1	50.12400238076225	3.4969077	-899.92493	-10.02457031545003	0.0	0.03509270202745226	50.12400238076225	10.02457031545004	0.0	10.02457031545004	0.0	-3.1469543	3.8857772	22.398697		
0	1	50.22400238551199	3.4969471	-899.82635	-10.04956637929281	0.0	0.03518010993286133	50.22400238551199	10.04956637929281	0.0	10.04956637929281	0.0	-3.1466451	3.8862464	22.445992		
0	1	50.32400239026174	3.4969077	-899.90515	-10.07456230109321	0.0	0.03526751686903212	50.32400239026174	10.07456230109321	0.0	10.07456230109321	0.0	-3.1468852	3.8858626	22.311991		
0	1	50.42400239501148	3.4969077	-899.92493	-10.0995587262302	0.0	0.03535492525065104	50.42400239501148	10.0995587262302	0.0	10.0995587262302	0.0	-3.1469543	3.8857772	22.390814		
0	1	50.52400239976123	3496.8288	-899.82635	-10.12455498738607	0.0	0.03544233264472114	50.52400239976123	10.12455498738607	0.0	10.12455498738607	0.0	-3.1465387	3.8861151	22.375051		
0	1	50.62400240451097	3.4966714	-899.84613	-10.14955118269179	0.0	0.03552973967095269	50.62400240451097	10.14955118269179	0.0	10.14955118269179	0.0	-3.1464663	3.8858547	22.375051		
0	1	50.72400240926072	3.4966714	-899.84613	-10.17454760799832	0.0	0.03561714720621745	50.72400240926072	10.17454760799832	0.0	10.17454760799832	0.0	-3.1464663	3.8858547	22.516933		
0	1	50.82400241401047	3.4967108	-899.8855	-10.19954381425646	0.0	0.03570455358181424	50.82400241401047	10.19954381425646	0.0	10.19954381425646	0.0	-3.1466393	3.8857286	22.595758		
0	1	50.92400241876021	3.4967108	-899.82635	-10.22454066633436	0.0	0.0357919618222385	50.92400241876021	10.22454066633437	0.0	10.22454066633437	0.0	-3.1464324	3.8859839	22.367168		
0	1	51.02400242350996	3.4967895	-899.84613	-10.24953696024577	0.0	0.03587936805243598	51.02400242350996	10.24953696024577	0.0	10.24953696024577	0.0	-3.1465724	3.8859861	22.445992		
0	1	51.1240024282597	3.4967501	-899.94458	-10.27453372450087	0.0	0.03596677549438477	51.1240024282597	10.27453372450087	0.0	10.27453372450087	0.0	-3.1468813	3.8855171	22.311991		
0	1	51.22400243300945	3.4968288	-899.8855	-10.29953024824354	0.0	0.03605418183973524	51.22400243300945	10.29953024824355	0.0	10.29953024824355	0.0	-3.1467454	3.8858597	22.50905		
0	1	51.32400243775919	3496.7895000000003	-899.94458	-10.32452678314209	0.0	0.03614158741699219	51.32400243775919	10.32452678314209	0.0	10.32452678314209	0.0	-3.1469166	3.885561	22.564228		
0	1	51.42400244250894	3.4966319	-899.86578	-10.34952307698568	0.0	0.03622899167833116	51.42400244250894	10.34952307698568	0.0	10.34952307698568	0.0	-3.1464994	3.885726	22.461756		
0	1	51.52400244725868	3.4967501	-899.84613	-10.37451942562527	0.0	0.03631639634847005	51.52400244725868	10.37451942562527	0.0	10.37451942562527	0.0	-3.1465371	3.8859422	22.5327		
0	1	51.62400245200843	3.4966319	-899.78699	-10.39951567565918	0.0	0.03640380012207031	51.62400245200843	10.39951567565918	0.0	10.39951567565918	0.0	-3.1462238	3.8860662	22.5327		
0	1	51.72400245675817	3.4966319	-899.84613	-10.42451212270101	0.0	0.03649120420939127	51.72400245675817	10.42451212270101	0.0	10.42451212270101	0.0	-3.1464307	3.8858109	22.367168		
0	1	51.82400246150792	3.4966319	-899.78699	-10.4495086247762	0.0	0.03657860797675239	51.82400246150792	10.44950862477621	0.0	10.44950862477621	0.0	-3.1462238	3.8860662	22.5327		
0	1	51.92400246625766	3.4965925	-899.84613	-10.47450451371935	0.0	0.03666600954142252	51.92400246625766	10.47450451371935	0.0	10.47450451371935	0.0	-3.1463952	3.8857672	22.343519		
0	1	52.02400247100741	3.4965138	-899.84613	-10.49950081824409	0.0	0.03675341175130208	52.02400247100741	10.49950081824409	0.0	10.49950081824409	0.0	-3.1463244	3.8856797	22.556345		
0	1	52.12400247575715	3496.6319000000003		-10.52449724338108	0.0	0.03684081418551974	52.12400247575715	10.52449724338108	0.0	10.52449724338108	0.0	-3.146775	3.8853858	22.40658		
0	1	52.2240024805069	3.4965925	-899.82635	-10.54949360290527	0.0	0.03692821562364366	52.2240024805069	10.54949360290528	0.0	10.54949360290528	0.0	-3.1463261	3.8858526	22.50905		
0	1	52.32400248525664	3.4966319	-899.76733	-10.57449020341661	0.0	0.03701561800198025	52.32400248525664	10.57449020341661	0.0	10.57449020341661	0.0	-3.1461551	3.8861511	22.556345		
0	1	52.42400249000639	3.4966319	-899.90515	-10.59948683661567	0.0	0.03710301994425456	52.42400249000639	10.59948683661567	0.0	10.59948683661567	0.0	-3.146637	3.885556	22.43811		
0	1	52.52400249475613	3.4965138	-899.82635	-10.62448331661648	0.0	0.03719042137098524	52.52400249475613	10.62448331661648	0.0	10.62448331661648	0.0	-3.1462553	3.8857651	22.359285		
0	1	52.62400249950588	3496.5532000000003	-899.92493	-10.64947998277452	0.0	0.03727782293633355	52.62400249950588	10.64947998277452	0.0	10.64947998277452	0.0	-3.1466353	3.8853831	22.572111		
0	1	52.72400250425562	3.4965532	-899.86578	-10.67447646280925	0.0	0.0373652233984375	52.72400250425562	10.67447646280925	0.0	10.67447646280925	0.0	-3.1464286	3.8856385	22.619404		
0	1	52.82400250900537	3.4965925	-899.82635	-10.69947301934136	0.0	0.03745262412841797	52.82400250900537	10.69947301934137	0.0	10.69947301934137	0.0	-3.1463261	3.8858526	22.445992		
0	1	52.92400251375511	3.4966319	-899.82635	-10.72446940063477	0.0	0.03754002343844944	52.92400251375511	10.72446940063477	0.0	10.72446940063477	0.0	-3.1463616	3.8858962	22.327757		
0	1	53.02400251850486	3.4964745	-899.90515	-10.74946535539415	0.0	0.03762742143459744	53.02400251850486	10.74946535539415	0.0	10.74946535539415	0.0	-3.1464953	3.8853812	22.548464		
0	1	53.1240025232546	3496.4352	-899.92493	-10.77446164937337	0.0	0.03771482004597982	53.1240025232546	10.77446164937337	0.0	10.77446164937337	0.0	-3.1465292	3.885252	22.343519		
0	1	53.22400252800435	3.4963956	-899.78699	-10.79945803070068	0.0	0.03780221845065647	53.22400252800435	10.79945803070068	0.0	10.79945803070068	0.0	-3.1460114	3.8858037	22.225285		
0	1	53.32400253275409	3.4963956	-899.90515	-10.82445458736844	0.0	0.03788961725138346	53.32400253275409	10.82445458736844	0.0	10.82445458736844	0.0	-3.1464243	3.8852935	22.367168		
0	1	53.42400253750384	3496.3169000000003		-10.8494511001926	0.0	0.03797701526882596	53.42400253750384	10.8494511001926	0.0	10.8494511001926	0.0	-3.1466291	3.8848658	22.375051		
0	1	53.52400254225358	3.4963169	-899.86578	-10.87444726277669	0.0	0.03806441178575304	53.52400254225358	10.87444726277669	0.0	10.87444726277669	0.0	-3.1462159	3.885376	22.304108		
0	1	53.62400254700333	3.4963562	-899.92493	-10.89944384094238	0.0	0.0381518094011773	53.62400254700333	10.89944384094238	0.0	10.89944384094238	0.0	-3.1464581	3.8851643	22.390814		
0	1	53.72400255175307	3.4963956	-899.82635	-10.92443997077094	0.0	0.03823920501654731	53.72400255175307	10.92443997077094	0.0	10.92443997077094	0.0	-3.1461489	3.8856337	22.650936		
0	1	53.82400255650282	3.4963169	-899.8855	-10.94943643961589	0.0	0.03832660134426541	53.82400255650282	10.94943643961589	0.0	10.94943643961589	0.0	-3.1462848	3.8852909	22.264696		
0	1	53.92400256125256	3.4963562	-899.86578	-10.97443270067003	0.0	0.03841399678819445	53.92400256125256	10.97443270067003	0.0	10.97443270067003	0.0	-3.1462514	3.8854196	22.595758		
0	1	54.02400256600231	3.4963169	-899.84613	-10.99942926805284	0.0	0.03850139251600478	54.02400256600231	10.99942926805284	0.0	10.99942926805284	0.0	-3.1461473	3.8854609	22.319874		
0	1	54.12400257075205	3.4962776	-899.86578	-11.02442547434489	0.0	0.03858878751234267	54.12400257075205	11.02442547434489	0.0	11.02442547434489	0.0	-3.1461806	3.8853323	22.390814		
0	1	54.2240025755018	3496.3169000000003	-899.92493	-11.04942145107693	0.0	0.03867618123453776	54.2240025755018	11.04942145107693	0.0	11.04942145107693	0.0	-3.1464226	3.8851206	22.485405		
0	1	54.32400258025154	3.4962382	-899.8855	-11.07441782155355	0.0	0.03876357607733832	54.32400258025154	11.07441782155355	0.0	11.07441782155355	0.0	-3.146214	3.8852034	22.650936		
0	1	54.42400258500129	3.4962382	-899.82635	-11.09941431243896	0.0	0.0388509705738661	54.42400258500129	11.09941431243896	0.0	11.09941431243896	0.0	-3.1460073	3.8854587	22.430227		
0	1	54.52400258975104	3.4962382	-899.8067	-11.12441067203098	0.0	0.03893836415812175	54.52400258975104	11.12441067203098	0.0	11.12441067203098	0.0	-3.1459386	3.8855436	22.548464		
0	1	54.62400259450078	3.4962382	-899.82635	-11.14940688920763	0.0	0.0390257576188151	54.62400259450078	11.14940688920763	0.0	11.14940688920763	0.0	-3.1460073	3.8854587	22.398697		
0	1	54.72400259925053	3496.12	-899.8855	-11.17440340189616	0.0	0.03911315120700412	54.72400259925053	11.17440340189616	0.0	11.17440340189616	0.0	-3.1461077	3.885072	22.264696		
0	1	54.82400260400027	3496.2382000000002	-899.86578	-11.19939954257541	0.0	0.03920054339599609	54.82400260400027	11.19939954257541	0.0	11.19939954257541	0.0	-3.1461451	3.8852885	22.493286		
0	1	54.92400260875002	3.4961989	-899.8067	-11.22439581444634	0.0	0.03928793580729167	54.92400260875002	11.22439581444634	0.0	11.22439581444634	0.0	-3.1459031	3.8855	22.367168		
0	1	55.02400261349976	3.4961593	-899.90515	-11.2493923381212	0.0	0.03937532817396376	55.02400261349976	11.2493923381212	0.0	11.2493923381212	0.0	-3.1462119	3.885031	22.493286		
0	1	55.12400261824951	3.4961593	-899.8855	-11.27438865390354	0.0	0.0394627200503201	55.12400261824951	11.27438865390354	0.0	11.27438865390354	0.0	-3.146143	3.8851159	22.469639		
0	1	55.22400262299925	3.4961593	-899.94458	-11.29938511206733	0.0	0.0395501118729655	55.22400262299925	11.29938511206733	0.0	11.29938511206733	0.0	-3.1463497	3.8848608	22.453875		
0	1	55.324002627749	3.49612	-899.8067	-11.32438161397298	0.0	0.03963750339463976	55.324002627749	11.32438161397298	0.0	11.32438161397298	0.0	-3.1458323	3.8854122	22.382933		
0	1	55.42400263249874	3.4961593	-899.86578	-11.34937761240641	0.0	0.03972489258585612	55.42400263249874	11.34937761240641	0.0	11.34937761240641	0.0	-3.1460741	3.885201	22.390814		
0	1	55.52400263724849	3.49612	-899.86578	-11.37437366570367	0.0	0.03981228179158529	55.52400263724849	11.37437366570367	0.0	11.37437366570367	0.0	-3.1460388	3.8851571	22.60364		
0	1	55.62400264199823	3.4960806	-899.82635	-11.39936972985162	0.0	0.03989967105441623	55.62400264199823	11.39936972985162	0.0	11.39936972985162	0.0	-3.1458654	3.8852837	22.375051		
0	1	55.72400264674798	3496.0413	-899.8067	-11.42436611131456	0.0	0.03998706077718099	55.72400264674798	11.42436611131456	0.0	11.42436611131456	0.0	-3.1457615	3.8853247	22.5327		
0	1	55.82400265149772	3.4960806	-899.90515	-11.44936249281142	0.0	0.04007444963406033	55.82400265149772	11.44936249281142	0.0	11.44936249281142	0.0	-3.1461411	3.8849435	22.304108		
0	1	55.92400265624747	3.49612	-899.82635	-11.47435930101183	0.0	0.04016183986463759	55.92400265624747	11.47435930101183	0.0	11.47435930101183	0.0	-3.145901	3.8853273	22.398697		
0	1	56.02400266099721	3.4960413	-899.86578	-11.49935583570692	0.0	0.04024922896253798	56.02400266099721	11.49935583570692	0.0	11.49935583570692	0.0	-3.145968	3.8850696	22.516933		
0	1	56.12400266574696	3.4960806	-899.8855	-11.5243520638699	0.0	0.04033661671305339	56.12400266574696	11.5243520638699	0.0	11.5243520638699	0.0	-3.1460721	3.8850284	22.493286		
0	1	56.2240026704967	3.496002	-899.86578	-11.54934845621745	0.0	0.04042400440782335	56.2240026704967	11.54934845621745	0.0	11.54934845621745	0.0	-3.1459324	3.885026	22.461756		
0	1	56.32400267524645	3.496002	-899.92493	-11.57434480485704	0.0	0.04051139165540907	56.32400267524645	11.57434480485704	0.0	11.57434480485704	0.0	-3.1461394	3.8847706	22.319874		
0	1	56.42400267999619	3.496002	-899.90515	-11.59934121907552	0.0	0.04059877883626302	56.42400267999619	11.59934121907552	0.0	11.59934121907552	0.0	-3.1460702	3.884856	22.445992		
0	1	56.52400268474594	3496.0413	-899.8855	-11.62433768812392	0.0	0.04068616620876736	56.52400268474594	11.62433768812392	0.0	11.62433768812392	0.0	-3.1460369	3.8849845	22.682465		
0	1	56.62400268949568	3.495923	-899.84613	-11.64933365356445	0.0	0.04077355197875977	56.62400268949568	11.64933365356445	0.0	11.64933365356445	0.0	-3.1457927	3.8850231	22.390814		
0	1	56.72400269424543	3.495923	-899.90515	-11.67432987097846	0.0	0.04086093784125434	56.72400269424543	11.67432987097846	0.0	11.67432987097846	0.0	-3.1459992	3.8847682	22.382933		
0	1	56.82400269899517	3.495923	-899.76733	-11.69932633999295	0.0	0.04094832460340712	56.82400269899517	11.69932633999295	0.0	11.69932633999295	0.0	-3.1455173	3.8853633	22.40658		
0	1	56.92400270374492	3.4958837	-899.86578	-11.7243226119317	0.0	0.04103570984944661	56.92400270374492	11.7243226119317	0.0	11.7243226119317	0.0	-3.1458261	3.8848946	22.359285		
0	1	57.02400270849466	3.4958837	-899.86578	-11.74931863213433	0.0	0.04112309378173828	57.02400270849466	11.74931863213433	0.0	11.74931863213433	0.0	-3.1458261	3.8848946	22.485405		
0	1	57.12400271324441	3.4959626	-899.8855	-11.77431516676161	0.0	0.04121047894083659	57.12400271324441	11.77431516676161	0.0	11.77431516676161	0.0	-3.1459661	3.8848972	22.390814		
0	1	57.22400271799415	3495.805	-899.8855	-11.79931165751139	0.0	0.04129786382880317	57.22400271799415	11.7993116575114	0.0	11.7993116575114	0.0	-3.1458242	3.884722	22.351402		
0	1	57.3240027227439	3.4959626	-899.84613	-11.82430823581272	0.0	0.04138524855061849	57.3240027227439	11.82430823581272	0.0	11.82430823581272	0.0	-3.1458285	3.8850672	22.43811		
0	1	57.42400272749364	3.495805	-899.8855	-11.84930463911268	0.0	0.04147263250352647	57.42400272749364	11.84930463911269	0.0	11.84930463911269	0.0	-3.1458242	3.884722	22.40658		
0	1	57.52400273224339	3.495805	-899.86578	-11.8743011299981	0.0	0.04156001666395399	57.52400273224339	11.87430112999811	0.0	11.87430112999811	0.0	-3.1457553	3.8848071	22.40658		
0	1	57.62400273699313	3.495805	-899.82635	-11.8992971722073	0.0	0.04164739860609266	57.62400273699313	11.89929717220731	0.0	11.89929717220731	0.0	-3.1456175	3.8849773	22.524817		
0	1	57.72400274174288	3.495923	-899.84613	-11.92429323621962	0.0	0.04173478032972548	57.72400274174288	11.92429323621962	0.0	11.92429323621962	0.0	-3.1457927	3.8850231	22.351402		
0	1	57.82400274649262	3.4957657	-899.8067	-11.94928956292046	0.0	0.04182216267713759	57.82400274649262	11.94928956292047	0.0	11.94928956292047	0.0	-3.1455133	3.8850186	22.516933		
0	1	57.92400275124237	3.4957657	-899.84613	-11.97428583502875	0.0	0.04190954438083225	57.92400275124237	11.97428583502876	0.0	11.97428583502876	0.0	-3.1456513	3.8848484	22.516933		
0	1	58.02400275599211	3.4956868	-899.8855	-11.99928230407715	0.0	0.04199692643798828	58.02400275599211	11.99928230407715	0.0	11.99928230407715	0.0	-3.1457179	3.8845906	22.76129		
0	1	58.12400276074186	3.4958444	-899.82635	-12.02427858700222	0.0	0.04208430729315864	58.12400276074186	12.02427858700223	0.0	12.02427858700223	0.0	-3.145653	3.885021	22.595758		
0	1	58.2240027654916	3495.7263	-899.84613	-12.0492746291097	0.0	0.04217168740505643	58.2240027654916	12.0492746291097	0.0	12.0492746291097	0.0	-3.1456158	3.8848045	22.564228		
0	1	58.32400277024135	3.4957657	-899.92493	-12.07427127332899	0.0	0.04225906916951497	58.32400277024135	12.074271273329	0.0	12.074271273329	0.0	-3.1459267	3.8845081	22.469639		
0	1	58.4240027749911	3495.6868	-899.78699	-12.09926732652452	0.0	0.04234644825642904	58.4240027749911	12.09926732652453	0.0	12.09926732652453	0.0	-3.1453736	3.885016	22.461756		
0	1	58.52400277974084	3.4956868	-899.86578	-12.12426340169271	0.0	0.042433827164171	58.52400277974084	12.12426340169271	0.0	12.12426340169271	0.0	-3.145649	3.8846757	22.548464		
0	1	58.62400278449059	3.4957263	-899.8855	-12.14925946594238	0.0	0.04252120558119032	58.62400278449059	12.14925946594239	0.0	12.14925946594239	0.0	-3.1457534	3.8846345	22.564228		
0	1	58.72400278924033	3.4956474	-899.78699	-12.17425615397135	0.0	0.04260858558729384	58.72400278924033	12.17425615397136	0.0	12.17425615397136	0.0	-3.1453381	3.8849721	22.343519		
0	1	58.82400279399008	3.4955688	-899.86578	-12.19925274336073	0.0	0.04269596548543294	58.82400279399008	12.19925274336073	0.0	12.19925274336073	0.0	-3.1455426	3.8845446	22.367168		
0	1	58.92400279873982	3495.8444000000004	-899.8067	-12.22424904822456	0.0	0.04278334403347439	58.92400279873982	12.22424904822456	0.0	12.22424904822456	0.0	-3.1455841	3.8851058	22.540581		
0	1	59.02400280348957	3495.6868		-12.24924551727295	0.0	0.04287072284071181	59.02400280348957	12.24924551727295	0.0	12.24924551727295	0.0	-3.1457865	3.8845057	22.5327		
0	1	59.12400280823931	3.4956081	-899.82635	-12.27424190951877	0.0	0.04295810071044922	59.12400280823931	12.27424190951878	0.0	12.27424190951878	0.0	-3.1454403	3.8847585	22.390814		
0	1	59.22400281298906	3.4956474	-899.8855	-12.29923795149061	0.0	0.04304547729682075	59.22400281298906	12.29923795149062	0.0	12.29923795149062	0.0	-3.1456823	3.884547	22.414463		
0	1	59.3240028177388	3.4955294	-899.90515	-12.32423433305528	0.0	0.043132854361301	59.3240028177388	12.32423433305529	0.0	12.32423433305529	0.0	-3.1456449	3.884331	22.398697		
0	1	59.42400282248855	3.4956868	-899.90515	-12.34923087846544	0.0	0.0432202321363661	59.42400282248855	12.34923087846544	0.0	12.34923087846544	0.0	-3.1457865	3.8845057	22.556345		
0	1	59.52400282723829	3.4955688	-899.8855	-12.37422732554118	0.0	0.0433076089968533	59.52400282723829	12.37422732554118	0.0	12.37422732554118	0.0	-3.1456115	3.8844595	22.40658		
0	1	59.62400283198804	3495.6081	-899.8855	-12.39922342237684	0.0	0.04339498443671332	59.62400283198804	12.39922342237685	0.0	12.39922342237685	0.0	-3.145647	3.8845031	22.40658		
0	1	59.72400283673778	3.4954898	-899.96429	-12.42421971622043	0.0	0.0434823601317003	59.72400283673778	12.42421971622044	0.0	12.42421971622044	0.0	-3.1458161	3.8840318	22.524817		
0	1	59.82400284148753	3495.5294		-12.44921609775119	0.0	0.0435697360542806	59.82400284148753	12.4492160977512	0.0	12.4492160977512	0.0	-3.1456449	3.884331	22.579992		
0	1	59.92400284623727	3.4955294	-899.86578	-12.47421253411187	0.0	0.04365711159776476	59.92400284623727	12.47421253411188	0.0	12.47421253411188	0.0	-3.1455073	3.884501	22.367168		
0	1	60.02400285098702	3.4955294	-899.96429	-12.49920907952203	0.0	0.04374448732543945	60.02400285098702	12.49920907952203	0.0	12.49920907952203	0.0	-3.1458516	3.8840756	22.658817		
0	1	60.12400285573676	3.4954898	-899.8855	-12.52420565795898	0.0	0.04383186237982856	60.12400285573676	12.52420565795899	0.0	12.52420565795899	0.0	-3.1455407	3.8843718	22.564228		
0	1	60.22400286048651	3.4954898	-899.8855	-12.54920217081706	0.0	0.04391923708753798	60.22400286048651	12.54920217081706	0.0	12.54920217081706	0.0	-3.1455407	3.8843718	22.595758		
0	1	60.32400286523625	3.4955688	-899.84613	-12.57419835520427	0.0	0.04400661033216689	60.32400286523625	12.57419835520427	0.0	12.57419835520427	0.0	-3.145474	3.8846295	22.650936		
0	1	60.424002869986	3.4954898	-899.78699	-12.59919450683594	0.0	0.0440939832059733	60.424002869986	12.59919450683594	0.0	12.59919450683594	0.0	-3.1451962	3.8847971	22.579992		
0	1	60.52400287473574	3.4953718	-899.8855	-12.62419053799099	0.0	0.04418135552137586	60.52400287473574	12.624190537991	0.0	12.624190537991	0.0	-3.1454344	3.8842406	22.311991		
0	1	60.62400287948549	3.4954112	-899.90515	-12.64918674435086	0.0	0.04426872766113282	60.62400287948549	12.64918674435086	0.0	12.64918674435086	0.0	-3.1455386	3.8841996	22.595758		
0	1	60.72400288423523	3.4953718	-899.86578	-12.67418339948866	0.0	0.04435610068074544	60.72400288423523	12.67418339948867	0.0	12.67418339948867	0.0	-3.1453655	3.8843257	22.579992		
0	1	60.82400288898498	3.4954505	-899.90515	-12.69917961680094	0.0	0.04444347236748589	60.82400288898498	12.69917961680095	0.0	12.69917961680095	0.0	-3.1455739	3.8842432	22.477522		
0	1	60.92400289373472	3495.3325	-899.84613	-12.7241760857137	0.0	0.04453084454033746	60.92400289373472	12.72417608571371	0.0	12.72417608571371	0.0	-3.1452613	3.8843668	22.256815		
0	1	61.02400289848447	3.4953718	-899.84613	-12.74917271884494	0.0	0.04461821667765299	61.02400289848447	12.74917271884495	0.0	12.74917271884495	0.0	-3.1452968	3.8844106	22.5327		
0	1	61.12400290323421	3.4953718	-899.86578	-12.77416926452637	0.0	0.04470558841037326	61.12400290323421	12.77416926452637	0.0	12.77416926452637	0.0	-3.1453655	3.8843257	22.5327		
0	1	61.22400290798396	3.4952536	-899.8855	-12.79916583201091	0.0	0.04479295988457574	61.22400290798396	12.79916583201091	0.0	12.79916583201091	0.0	-3.145328	3.8841093	22.769171		
0	1	61.3240029127337	3.4952931	-899.86578	-12.8241620272149	0.0	0.04488032946695963	61.3240029127337	12.8241620272149	0.0	12.8241620272149	0.0	-3.1452947	3.8842382	22.28046		
0	1	61.42400291748345	3495.2142	-899.86578	-12.8491586601766	0.0	0.04496770055921766	61.42400291748345	12.8491586601766	0.0	12.8491586601766	0.0	-3.1452236	3.8841505	22.721876		
0	1	61.52400292223319	3.4952931	-899.92493	-12.87415516201443	0.0	0.04505507060289171	61.52400292223319	12.87415516201444	0.0	12.87415516201444	0.0	-3.1455014	3.8839831	22.43811		
0	1	61.62400292698294	3495.2536	-899.84613	-12.89915162011041	0.0	0.04514244045355903	61.62400292698294	12.89915162011041	0.0	12.89915162011041	0.0	-3.1451905	3.8842793	22.493286		
0	1	61.72400293173268	3.4952931	-899.86578	-12.92414823140462	0.0	0.04522981046617296	61.72400293173268	12.92414823140463	0.0	12.92414823140463	0.0	-3.1452947	3.8842382	22.327757		
0	1	61.82400293648243	3495.1749	-899.86578	-12.9491446565077	0.0	0.04531717939371745	61.82400293648243	12.94914465650771	0.0	12.94914465650771	0.0	-3.1451883	3.8841069	22.587875		
0	1	61.92400294123217	3.4951355	-899.82635	-12.974141300727	0.0	0.04540454829983182	61.92400294123217	12.974141300727	0.0	12.974141300727	0.0	-3.145015	3.8842335	22.587875		
0	1	62.02400294598192	3495.2536	-899.90515	-12.99913766025119	0.0	0.04549191660332574	62.02400294598192	12.9991376602512	0.0	12.9991376602512	0.0	-3.1453967	3.8840244	22.540581		
0	1	62.12400295073166	3.4951749	-899.8067	-13.02413424967448	0.0	0.04557928502237956	62.12400295073166	13.02413424967449	0.0	13.02413424967449	0.0	-3.1449819	3.884362	22.485405		
0	1	62.22400295548141	3.4952142	-899.94458	-13.04913029201931	0.0	0.04566665115478516	62.22400295548141	13.04913029201932	0.0	13.04913029201932	0.0	-3.145499	3.8838105	22.414463		
0	1	62.32400296023116	3495.2142	-899.78699	-13.07412653103299	0.0	0.04575401771931966	62.32400296023116	13.07412653103299	0.0	13.07412653103299	0.0	-3.1449482	3.8844907	22.556345		
0	1	62.4240029649809	3.4951749	-899.90515	-13.09912259507921	0.0	0.04584138329833985	62.4240029649809	13.09912259507922	0.0	13.09912259507922	0.0	-3.1453259	3.8839369	22.564228		
0	1	62.52400296973065	3495.2142	-899.8855	-13.1241193923272	0.0	0.04592875124335395	62.52400296973065	13.12411939232721	0.0	13.12411939232721	0.0	-3.1452925	3.8840654	22.453875		
0	1	62.62400297448039	3.4952142	-899.8855	-13.14911613515218	0.0	0.04601611860446506	62.62400297448039	13.14911613515219	0.0	13.14911613515219	0.0	-3.1452925	3.8840654	22.60364		
0	1	62.72400297923014	3495.0962		-13.17411246181912	0.0	0.04610348407864041	62.72400297923014	13.17411246181913	0.0	13.17411246181913	0.0	-3.1449797	3.8841896	22.73764		
0	1	62.82400298397988	3.4951355	-899.90515	-13.19910909495036	0.0	0.04619085064358181	62.82400298397988	13.19910909495037	0.0	13.19910909495037	0.0	-3.1452904	3.8838933	22.461756		
0	1	62.92400298872963	3495.1355	-899.82635	-13.22410562947591	0.0	0.04627821629353841	62.92400298872963	13.22410562947592	0.0	13.22410562947592	0.0	-3.145015	3.8842335	22.540581		
0	1	63.02400299347937	3.4950569	-899.84613	-13.24910181386312	0.0	0.04636558042439778	63.02400299347937	13.24910181386313	0.0	13.24910181386313	0.0	-3.1450133	3.8840606	22.430227		
0	1	63.12400299822912	3.4950569	-899.94458	-13.27409799838596	0.0	0.04645294441853841	63.12400299822912	13.27409799838597	0.0	13.27409799838597	0.0	-3.1453574	3.8836358	22.516933		
0	1	63.22400300297886	3.4950569	-899.94458	-13.29909469723172	0.0	0.04654030993408203	63.22400300297886	13.29909469723173	0.0	13.29909469723173	0.0	-3.1453574	3.8836358	22.375051		
0	1	63.32400300772861	3.494978	-899.96429	-13.32409135219998	0.0	0.04662767454725478	63.32400300772861	13.32409135219999	0.0	13.32409135219999	0.0	-3.1453555	3.8834629	22.493286		
0	1	63.42400301247835	3.4950569	-899.90515	-13.34908768988715	0.0	0.04671503775648329	63.42400301247835	13.34908768988716	0.0	13.34908768988716	0.0	-3.1452196	3.8838058	22.430227		
0	1	63.5240030172281	3.4950569	-899.8855	-13.3740837757704	0.0	0.04680239951361762	63.5240030172281	13.37408377577041	0.0	13.37408377577041	0.0	-3.1451509	3.8838906	22.414463		
0	1	63.62400302197784	3.494978	-899.86578	-13.39908040886773	0.0	0.0468897631245931	63.62400302197784	13.39908040886774	0.0	13.39908040886774	0.0	-3.1450112	3.883888	22.501167		
0	1	63.72400302672759	3.4948993	-899.8067	-13.424076429206	0.0	0.04697712404337565	63.72400302672759	13.42407642920601	0.0	13.42407642920601	0.0	-3.1447339	3.8840556	22.319874		
0	1	63.82400303147733	3.494978	-899.8855	-13.44907269029405	0.0	0.04706448564480252	63.82400303147733	13.44907269029406	0.0	13.44907269029406	0.0	-3.1450801	3.8838029	22.548464		
0	1	63.92400303622708	3.4950173	-899.84613	-13.47406909345839	0.0	0.04715184758558486	63.92400303622708	13.4740690934584	0.0	13.4740690934584	0.0	-3.1449778	3.8840165	22.477522		
0	1	64.02400304097682	3.494978	-899.92493	-13.49906527801514	0.0	0.04723920832994249	64.02400304097682	13.49906527801515	0.0	13.49906527801515	0.0	-3.1452179	3.8836329	22.516933		
0	1	64.12400304572657	3.4949386	-899.94458	-13.52406174699571	0.0	0.04732656961520725	64.12400304572657	13.52406174699572	0.0	13.52406174699572	0.0	-3.145251	3.8835042	22.304108		
0	1	64.22400305047631	3.4949386	-899.8855	-13.54905821597629	0.0	0.0474139305859375	64.22400305047631	13.5490582159763	0.0	13.5490582159763	0.0	-3.1450446	3.8837593	22.572111		
0	1	64.32400305522606	3.4948599	-899.94458	-13.57405476155599	0.0	0.04750129158813476	64.32400305522606	13.574054761556	0.0	13.574054761556	0.0	-3.1451802	3.8834169	22.343519		
0	1	64.4240030599758	3.494978	-899.78699	-13.59905102237278	0.0	0.0475886514179145	64.4240030599758	13.59905102237278	0.0	13.59905102237278	0.0	-3.1447356	3.8842282	22.461756		
0	1	64.52400306472555	3.4948599	-899.92493	-13.62404744761149	0.0	0.04767601101589627	64.52400306472555	13.6240474476115	0.0	13.6240474476115	0.0	-3.1451116	3.8835015	22.453875		
0	1	64.6240030694753	3.4948993	-899.82635	-13.64904358835856	0.0	0.04776336961995443	64.6240030694753	13.64904358835857	0.0	13.64904358835857	0.0	-3.1448026	3.8839707	22.564228		
0	1	64.72400307422504	3.4948599	-899.84613	-13.67403971794976	0.0	0.04785072800767687	64.72400307422504	13.67403971794977	0.0	13.67403971794977	0.0	-3.1448362	3.8838418	22.422344		
0	1	64.82400307897478	3.494978	-899.90515	-13.69903613216824	0.0	0.04793808729166667	64.82400307897478	13.69903613216825	0.0	13.69903613216825	0.0	-3.1451488	3.883718	22.658817		
0	1	64.92400308372453	3.494781	-899.90515	-13.72403256832547	0.0	0.04802544600301107	64.92400308372453	13.72403256832547	0.0	13.72403256832547	0.0	-3.1449714	3.8834994	22.595758		
0	1	65.02400308847427	3494.8993	-899.94458	-13.74902929999458	0.0	0.04811280525472005	65.02400308847427	13.74902929999458	0.0	13.74902929999458	0.0	-3.1452157	3.8834605	22.524817		
0	1	65.12400309322402	3.4948206	-899.86578	-13.77402545155843	0.0	0.04820016243977865	65.12400309322402	13.77402545155844	0.0	13.77402545155844	0.0	-3.1448696	3.8837132	22.493286		
0	1	65.22400309797376	3.4948206	-899.84613	-13.79902177808973	0.0	0.04828751992078993	65.22400309797376	13.79902177808974	0.0	13.79902177808974	0.0	-3.1448009	3.8837979	22.516933		
0	1	65.32400310272351	3.4947023	-899.8855	-13.82401827989366	0.0	0.04837487758124458	65.32400310272351	13.82401827989367	0.0	13.82401827989367	0.0	-3.1448319	3.8834968	22.414463		
0	1	65.42400310747325	3.4947417	-899.84613	-13.8490148147583	0.0	0.04846223523885091	65.42400310747325	13.84901481475831	0.0	13.84901481475831	0.0	-3.1447299	3.8837104	22.690348		
0	1	65.524003112223	3.4947417	-899.82635	-13.87401122870551	0.0	0.04854959200195313	65.524003112223	13.87401122870552	0.0	13.87401122870552	0.0	-3.1446607	3.8837957	22.556345		
0	1	65.62400311697274	3.4947417	-899.8855	-13.89900777428521	0.0	0.04863694857435438	65.62400311697274	13.89900777428522	0.0	13.89900777428522	0.0	-3.1448674	3.8835404	22.327757		
0	1	65.72400312172249	3.4947417	-899.8855	-13.92400388203939	0.0	0.04872430318386502	65.72400312172249	13.92400388203939	0.0	13.92400388203939	0.0	-3.1448674	3.8835404	22.414463		
0	1	65.82400312647223	3.4947417	-899.90515	-13.94900023057726	0.0	0.04881165867418077	65.82400312647223	13.94900023057726	0.0	13.94900023057726	0.0	-3.1449361	3.8834555	22.540581		
0	1	65.92400313122198	3.4945843	-899.86578	-13.97399657928467	0.0	0.04889901331936306	65.92400313122198	13.97399657928467	0.0	13.97399657928467	0.0	-3.1446569	3.8834505	22.493286		
0	1	66.02400313597172	3.494781	-899.84613	-13.99899301540799	0.0	0.04898636854519314	66.02400313597172	13.99899301540799	0.0	13.99899301540799	0.0	-3.1447651	3.883754	22.572111		
0	1	66.12400314072147	3.4945447	-899.8855	-14.02398941880968	0.0	0.0490737230863444	66.12400314072147	14.02398941880968	0.0	14.02398941880968	0.0	-3.14469	3.8833215	22.485405		
0	1	66.22400314547122	3.4946237	-899.8855	-14.04898627075195	0.0	0.04916107866427952	66.22400314547122	14.04898627075196	0.0	14.04898627075196	0.0	-3.1447611	3.8834093	22.516933		
0	1	66.32400315022096	3.494663	-899.94458	-14.07398267401801	0.0	0.04924843283148871	66.32400315022096	14.07398267401802	0.0	14.07398267401802	0.0	-3.1450031	3.883198	22.611523		
0	1	66.4240031549707	3.4947023	-899.8855	-14.09897901170519	0.0	0.0493357864735243	66.4240031549707	14.09897901170519	0.0	14.09897901170519	0.0	-3.1448319	3.8834968	22.461756		
0	1	66.52400315972045	3.4945054	-899.84613	-14.12397511969672	0.0	0.04942313846747504	66.52400315972045	14.12397511969673	0.0	14.12397511969673	0.0	-3.1445172	3.8834476	22.753407		
0	1	66.6240031644702	3.4946237	-899.8067	-14.1489714791192	0.0	0.04951049143812392	66.6240031644702	14.1489714791192	0.0	14.1489714791192	0.0	-3.1444857	3.8837492	22.493286		
0	1	66.72400316921994	3.4945447	-899.90515	-14.17396797000461	0.0	0.04959784437594943	66.72400316921994	14.17396797000462	0.0	14.17396797000462	0.0	-3.1447587	3.8832366	22.477522		
0	1	66.82400317396969	3.4945843	-899.78699	-14.19896418721517	0.0	0.04968519602281359	66.82400317396969	14.19896418721518	0.0	14.19896418721518	0.0	-3.1443815	3.8837907	22.769171		
0	1	66.92400317871943	3.4946237	-899.84613	-14.22396056871202	0.0	0.04977254767252604	66.92400317871943	14.22396056871203	0.0	14.22396056871203	0.0	-3.1446235	3.8835793	22.5327		
0	1	67.02400318346918	3.4945447	-899.90515	-14.24895712524414	0.0	0.04985989949978299	67.02400318346918	14.24895712524415	0.0	14.24895712524415	0.0	-3.1447587	3.8832366	22.493286		
0	1	67.12400318821892	3494.5843		-14.27395326599121	0.0	0.04994724967692057	67.12400318821892	14.27395326599122	0.0	14.27395326599122	0.0	-3.1445882	3.8835354	22.60364		
0	1	67.22400319296867	3.4944661	-899.84613	-14.29894976782905	0.0	0.0500346007808431	67.22400319296867	14.29894976782905	0.0	14.29894976782905	0.0	-3.1444817	3.883404	22.524817		
0	1	67.32400319771841	3.4944267	-899.94458	-14.32394631330702	0.0	0.05012195154568142	67.32400319771841	14.32394631330703	0.0	14.32394631330703	0.0	-3.1447904	3.8829355	22.485405		
0	1	67.42400320246816	3.4944661	-899.84613	-14.3489424102105	0.0	0.0502093008610026	67.42400320246816	14.34894241021051	0.0	14.34894241021051	0.0	-3.1444817	3.883404	22.611523		
0	1	67.5240032072179	3.4944661	-899.94458	-14.37393881357829	0.0	0.05029665083374023	67.5240032072179	14.37393881357829	0.0	14.37393881357829	0.0	-3.1448257	3.8829792	22.493286		
0	1	67.62400321196765	3494.4661		-14.39893509633382	0.0	0.05038399987277561	67.62400321196765	14.39893509633383	0.0	14.39893509633383	0.0	-3.1444128	3.8834894	22.5327		
0	1	67.72400321671739	3.4945054	-899.8067	-14.4239311932373	0.0	0.05047134814453125	67.72400321671739	14.42393119323731	0.0	14.42393119323731	0.0	-3.1443794	3.8836179	22.398697		
0	1	67.82400322146714	3.4945447	-899.8855	-14.44892760748969	0.0	0.0505586974854872	67.82400322146714	14.4489276074897	0.0	14.4489276074897	0.0	-3.14469	3.8833215	22.674582		
0	1	67.92400322621688	3.4945054	-899.78699	-14.47392386867947	0.0	0.05064604572157118	67.92400322621688	14.47392386867948	0.0	14.47392386867948	0.0	-3.1443105	3.883703	22.63517		
0	1	68.02400323096663	3.4944661	-899.76733	-14.49892030493842	0.0	0.0507333946480306	68.02400323096663	14.49892030493843	0.0	14.49892030493843	0.0	-3.1442065	3.883744	22.572111		
0	1	68.12400323571637	3.4944661	-899.90515	-14.52391624847412	0.0	0.05082074138061524	68.12400323571637	14.52391624847413	0.0	14.52391624847413	0.0	-3.1446881	3.8831494	22.548464		
0	1	68.22400324046612	3.4944661	-899.8067	-14.54891264061822	0.0	0.05090808918931749	68.22400324046612	14.54891264061822	0.0	14.54891264061822	0.0	-3.1443441	3.8835742	22.50905		
0	1	68.32400324521586	3.4943874	-899.86578	-14.57390910949707	0.0	0.05099543673434787	68.32400324521586	14.57390910949708	0.0	14.57390910949708	0.0	-3.1444798	3.8832316	22.524817		
0	1	68.42400324996561	3.4945054	-899.94458	-14.59890570966932	0.0	0.05108278454142252	68.42400324996561	14.59890570966933	0.0	14.59890570966933	0.0	-3.1448612	3.8830228	22.572111		
0	1	68.52400325471535	3.494348	-899.86578	-14.62390234290229	0.0	0.05117013199042426	68.52400325471535	14.62390234290229	0.0	14.62390234290229	0.0	-3.1444442	3.883188	22.674582		
0	1	68.6240032594651	3.494348	-899.90515	-14.64889866960314	0.0	0.05125747797553169	68.6240032594651	14.64889866960314	0.0	14.64889866960314	0.0	-3.1445818	3.8830183	22.501167		
0	1	68.72400326421484	3.4942691	-899.82635	-14.67389463497586	0.0	0.05134482236233182	68.72400326421484	14.67389463497586	0.0	14.67389463497586	0.0	-3.1442354	3.8832705	22.650936		
0	1	68.82400326896459	3.4942691	-899.84613	-14.69889098347982	0.0	0.05143216761542426	68.82400326896459	14.69889098347982	0.0	14.69889098347982	0.0	-3.1443045	3.8831851	22.650936		
0	1	68.92400327371433	3.4942298	-899.78699	-14.72388727745904	0.0	0.05151951261935764	68.92400327371433	14.72388727745904	0.0	14.72388727745904	0.0	-3.1440625	3.8833966	22.650936		
0	1	69.02400327846408	3.494348	-899.86578	-14.74888359313965	0.0	0.05160685712741428	69.02400327846408	14.74888359313965	0.0	14.74888359313965	0.0	-3.1444442	3.883188	22.548464		
0	1	69.12400328321382	3.4942691	-899.86578	-14.77388000739204	0.0	0.05169420160630968	69.12400328321382	14.77388000739204	0.0	14.77388000739204	0.0	-3.1443732	3.8831003	22.643053		
0	1	69.22400328796357	3494.2691		-14.79887619184706	0.0	0.05178154512356228	69.22400328796357	14.79887619184706	0.0	14.79887619184706	0.0	-3.1443732	3.8831003	22.595758		
0	1	69.32400329271331	3.4942691	-899.90515	-14.82387261688232	0.0	0.05186888906873915	69.32400329271331	14.82387261688233	0.0	14.82387261688233	0.0	-3.1445107	3.8829305	22.60364		
0	1	69.42400329746306	3.4943085	-899.94458	-14.84886915137397	0.0	0.05195623351386176	69.42400329746306	14.84886915137397	0.0	14.84886915137397	0.0	-3.1446841	3.8828042	22.516933		
0	1	69.5240033022128	3.4941905	-899.8067	-14.87386552178277	0.0	0.05204357657904731	69.5240033022128	14.87386552178277	0.0	14.87386552178277	0.0	-3.1440959	3.8832679	22.50905		
0	1	69.62400330696255	3.4941511	-899.86578	-14.8988620235867	0.0	0.05213091953274197	69.62400330696255	14.8988620235867	0.0	14.8988620235867	0.0	-3.1442671	3.8829691	22.548464		
0	1	69.7240033117123	3.4942691	-899.78699	-14.9238581970893	0.0	0.05221826155544705	69.7240033117123	14.92385819708931	0.0	14.92385819708931	0.0	-3.1440978	3.8834405	22.5327		
0	1	69.82400331646204	3.4941905	-899.8855	-14.94885476453993	0.0	0.0523056047390408	69.82400331646204	14.94885476453993	0.0	14.94885476453993	0.0	-3.1443713	3.8829279	22.60364		
0	1	69.92400332121179	3494.1905	-899.84613	-14.9738513977729	0.0	0.05239294740424262	69.92400332121179	14.9738513977729	0.0	14.9738513977729	0.0	-3.1442337	3.8830976	22.524817		
0	1	70.02400332596153	3494.1511	-899.86578	-14.99884803080241	0.0	0.05248029018663194	70.02400332596153	14.99884803080241	0.0	14.99884803080241	0.0	-3.1442671	3.8829691	22.60364		
0	1	70.12400333071128	3.4941511	-899.82635	-15.02384452151828	0.0	0.05256763182210286	70.12400333071128	15.02384452151829	0.0	15.02384452151829	0.0	-3.1441293	3.8831394	22.666698		
0	1	70.22400333546102	3.4941905	-899.84613	-15.0488409576416	0.0	0.05265497269585503	70.22400333546102	15.04884095764161	0.0	15.04884095764161	0.0	-3.1442337	3.8830976	22.682465		
0	1	70.32400334021077	3.4941905	-899.86578	-15.07383724046495	0.0	0.05274231332912869	70.32400334021077	15.07383724046496	0.0	15.07383724046496	0.0	-3.1443024	3.883013	22.658817		
0	1	70.42400334496051	3.4940329	-899.82635	-15.09883372026232	0.0	0.05282965394110786	70.42400334496051	15.09883372026232	0.0	15.09883372026232	0.0	-3.1440229	3.883008	22.477522		
0	1	70.52400334971026	3.4941115	-899.84613	-15.12382972961426	0.0	0.05291699283053928	70.52400334971026	15.12382972961426	0.0	15.12382972961426	0.0	-3.1441627	3.8830099	22.682465		
0	1	70.62400335446	3.4940722	-899.82635	-15.14882639573839	0.0	0.05300433334581163	70.62400335446	15.14882639573839	0.0	15.14882639573839	0.0	-3.1440582	3.8830516	22.40658		
0	1	70.72400335920975	3.4940329	-899.86578	-15.17382281002469	0.0	0.05309167262573242	70.72400335920975	15.17382281002469	0.0	15.17382281002469	0.0	-3.1441605	3.8828378	22.50905		
0	1	70.82400336395949	3.4940329	-899.90515	-15.1988190930854	0.0	0.05317901154581706	70.82400336395949	15.1988190930854	0.0	15.1988190930854	0.0	-3.1442981	3.882668	22.485405		
0	1	70.92400336870924	3.4940722	-899.90515	-15.22381556203206	0.0	0.05326635127305773	70.92400336870924	15.22381556203207	0.0	15.22381556203207	0.0	-3.1443336	3.8827116	22.564228		
0	1	71.02400337345898	3.4940329	-899.8855	-15.24881182301839	0.0	0.0533536893101671	71.02400337345898	15.24881182301839	0.0	15.24881182301839	0.0	-3.1442294	3.8827527	22.611523		
0	1	71.12400337820873	3494.0722	-899.82635	-15.27380816056993	0.0	0.0534410270437283	71.12400337820873	15.27380816056993	0.0	15.27380816056993	0.0	-3.1440582	3.8830516	22.627287		
0	1	71.22400338295847	3.4940329	-900.00372	-15.29880448730469	0.0	0.053528364935574	71.22400338295847	15.29880448730469	0.0	15.29880448730469	0.0	-3.1446426	3.8822427	22.674582		
0	1	71.32400338770822	3.4939542	-899.8067	-15.3238007703654	0.0	0.05361570228217231	71.32400338770822	15.3238007703654	0.0	15.3238007703654	0.0	-3.1438835	3.8830054	22.445992		
0	1	71.42400339245796	3493.9542		-15.34879749125163	0.0	0.05370304082397461	71.42400339245796	15.34879749125163	0.0	15.34879749125163	0.0	-3.1442964	3.8824952	22.414463		
0	1	71.52400339720771	3.4939935	-899.82635	-15.37379406968859	0.0	0.05379037827772352	71.52400339720771	15.37379406968858	0.0	15.37379406968858	0.0	-3.1439874	3.8829641	22.493286		
0	1	71.62400340195745	3.4938753	-899.78699	-15.39879006798638	0.0	0.05387771323215061	71.62400340195745	15.39879006798638	0.0	15.39879006798638	0.0	-3.1437435	3.8830028	22.501167		
0	1	71.7240034067072	3.4938359	-899.82635	-15.42378652591282	0.0	0.05396504949720594	71.7240034067072	15.42378652591281	0.0	15.42378652591281	0.0	-3.1438456	3.8827891	22.477522		
0	1	71.82400341145694	3.4938753	-899.90515	-15.4487831809828	0.0	0.05405238599839952	71.82400341145694	15.4487831809828	0.0	15.4487831809828	0.0	-3.1441565	3.8824928	22.650936		
0	1	71.92400341620669	3.4939542	-899.8855	-15.47377962809245	0.0	0.05413972159573025	71.92400341620669	15.47377962809245	0.0	15.47377962809245	0.0	-3.1441586	3.8826654	22.540581		
0	1	72.02400342095643	3.4938753	-899.82635	-15.49877573567708	0.0	0.05422705565144856	72.02400342095643	15.49877573567708	0.0	15.49877573567708	0.0	-3.1438811	3.8828328	22.650936		
0	1	72.12400342570618	3.4938359	-899.92493	-15.52377201870388	0.0	0.05431438988633898	72.12400342570618	15.52377201870389	0.0	15.52377201870389	0.0	-3.1441901	3.8823638	22.619404		
0	1	72.22400343045592	3.4938359	-899.84613	-15.54876826873779	0.0	0.05440172349473741	72.22400343045592	15.54876826873779	0.0	15.54876826873779	0.0	-3.1439147	3.8827038	22.627287		
0	1	72.32400343520567	3493.8753	-899.8855	-15.57376461727566	0.0	0.05448905766411676	72.32400343520567	15.57376461727566	0.0	15.57376461727566	0.0	-3.1440878	3.8825777	22.706112		
0	1	72.42400343995541	3.4938753	-899.90515	-15.5987609548272	0.0	0.0545763913808865	72.42400343995541	15.5987609548272	0.0	15.5987609548272	0.0	-3.1441565	3.8824928	22.60364		
0	1	72.52400344470516	3.4938359	-899.86578	-15.6237573143514	0.0	0.0546637245840115	72.52400344470516	15.6237573143514	0.0	15.6237573143514	0.0	-3.1439834	3.8826189	22.548464		
0	1	72.6240034494549	3493.8753	-899.86578	-15.64875377258301	0.0	0.05475105824910482	72.6240034494549	15.64875377258301	0.0	15.64875377258301	0.0	-3.1440189	3.8826625	22.611523		
0	1	72.72400345420465	3.4938359	-899.94458	-15.67375024173313	0.0	0.05483839134345161	72.72400345420465	15.67375024173313	0.0	15.67375024173313	0.0	-3.1442587	3.8822789	22.666698		
0	1	72.8240034589544	3.4937572	-899.90515	-15.69874624013265	0.0	0.05492572238009983	72.8240034589544	15.69874624013265	0.0	15.69874624013265	0.0	-3.1440501	3.8823617	22.50905		
0	1	72.92400346370414	3493.8753	-899.78699	-15.72374245734321	0.0	0.05501305416110568	72.92400346370414	15.72374245734321	0.0	15.72374245734321	0.0	-3.1437435	3.8830028	22.690348		
0	1	73.02400346845388	3.4937572	-899.84613	-15.74873843373616	0.0	0.05510038496283637	73.02400346845388	15.74873843373616	0.0	15.74873843373616	0.0	-3.1438439	3.8826163	22.611523		
0	1	73.12400347320363	3.4937572	-899.84613	-15.77373480424669	0.0	0.05518771678819445	73.12400347320363	15.77373480424669	0.0	15.77373480424669	0.0	-3.1438439	3.8826163	22.477522		
0	1	73.22400347795337	3.4937966	-899.8855	-15.79873149217394	0.0	0.05527504925008138	73.22400347795337	15.79873149217394	0.0	15.79873149217394	0.0	-3.144017	3.8824902	22.445992		
0	1	73.32400348270312	3.4937179	-899.90515	-15.82372774200439	0.0	0.05536237978800456	73.32400348270312	15.82372774200439	0.0	15.82372774200439	0.0	-3.1440148	3.882318	22.564228		
0	1	73.42400348745286	3.4937572	-899.8855	-15.84872414530436	0.0	0.05544971050808377	73.42400348745286	15.84872414530436	0.0	15.84872414530436	0.0	-3.1439815	3.8824465	22.619404		
0	1	73.52400349220261	3493.7179		-15.87372024214003	0.0	0.05553704017645942	73.52400349220261	15.87372024214003	0.0	15.87372024214003	0.0	-3.1440148	3.882318	22.60364		
0	1	73.62400349695235	3493.7179	-899.94458	-15.89871686438666	0.0	0.05562437114868164	73.62400349695235	15.89871686438666	0.0	15.89871686438666	0.0	-3.1441524	3.8821478	22.430227		
0	1	73.7240035017021	3.4937179	-899.8855	-15.92371268758138	0.0	0.05571169895521376	73.7240035017021	15.92371268758138	0.0	15.92371268758138	0.0	-3.1439462	3.8824027	22.548464		
0	1	73.82400350645185	3.493639	-899.94458	-15.94870914574517	0.0	0.05579902888197157	73.82400350645185	15.94870914574517	0.0	15.94870914574517	0.0	-3.1440816	3.8820601	22.658817		
0	1	73.92400351120159	3.4937179	-899.8855	-15.97370580064562	0.0	0.05588635870768229	73.92400351120159	15.97370580064562	0.0	15.97370580064562	0.0	-3.1439462	3.8824027	22.579992		
0	1	74.02400351595134	3493.5996999999998	-899.84613	-15.99870208377414	0.0	0.05597368711629232	74.02400351595134	15.99870208377414	0.0	15.99870208377414	0.0	-3.143702	3.882441	22.674582		
0	1	74.12400352070108	3.4935603	-899.82635	-16.02369890299479	0.0	0.05606101666856554	74.12400352070108	16.02369890299479	0.0	16.02369890299479	0.0	-3.1435976	3.8824828	22.784935		
0	1	74.22400352545083	3.4936786	-899.78699	-16.04869542677137	0.0	0.05614834520874024	74.22400352545083	16.04869542677137	0.0	16.04869542677137	0.0	-3.1435666	3.8827841	22.60364		
0	1	74.32400353020057	3.493639	-899.8855	-16.07369172081841	0.0	0.05623567284762912	74.32400353020057	16.07369172081841	0.0	16.07369172081841	0.0	-3.1438751	3.8823149	22.524817		
0	1	74.42400353495032	3.4935997	-899.82635	-16.09868822269016	0.0	0.05632300052381727	74.42400353495032	16.09868822269016	0.0	16.09868822269016	0.0	-3.1436331	3.8825264	22.485405		
0	1	74.52400353970006	3493.5603	-899.8855	-16.12368445092095	0.0	0.05641032696845161	74.52400353970006	16.12368445092095	0.0	16.12368445092095	0.0	-3.1438043	3.8822277	22.816465		
0	1	74.6240035444498	3.4935997	-899.82635	-16.14868051493327	0.0	0.05649765301567925	74.6240035444498	16.14868051493327	0.0	16.14868051493327	0.0	-3.1436331	3.8825264	22.666698		
0	1	74.72400354919955	3.4935603	-899.8855	-16.17367690731473	0.0	0.05658497946261936	74.72400354919955	16.17367690731473	0.0	16.17367690731473	0.0	-3.1438043	3.8822277	22.792818		
0	1	74.8240035539493	3.4934423	-899.94458	-16.1986733214993	0.0	0.05667230567057292	74.8240035539493	16.1986733214993	0.0	16.1986733214993	0.0	-3.1439044	3.8818417	22.784935		
0	1	74.92400355869904	3.4934423	-899.90515	-16.22366954956055	0.0	0.05675963061930338	74.92400355869904	16.22366954956055	0.0	16.22366954956055	0.0	-3.1437666	3.8820117	22.572111		
0	1	75.02400356344879	3.493521	-899.90515	-16.24866621541341	0.0	0.05684695741115994	75.02400356344879	16.24866621541341	0.0	16.24866621541341	0.0	-3.1438375	3.8820992	22.713995		
0	1	75.12400356819853	3.4934423	-899.92493	-16.27366282670763	0.0	0.05693428365926106	75.12400356819853	16.27366282670763	0.0	16.27366282670763	0.0	-3.1438358	3.8819263	22.50905		
0	1	75.22400357294828	3.4935603	-899.86578	-16.29865914245605	0.0	0.05702160838270399	75.22400357294828	16.29865914245606	0.0	16.29865914245606	0.0	-3.1437354	3.8823125	22.76129		
0	1	75.32400357769802	3.4934423	-899.84613	-16.32365502065023	0.0	0.05710893088867187	75.32400357769802	16.32365502065023	0.0	16.32365502065023	0.0	-3.1435606	3.8822663	22.524817		
0	1	75.42400358244777	3.4934423	-899.90515	-16.34865156622993	0.0	0.0571962557272678	75.42400358244777	16.34865156622993	0.0	16.34865156622993	0.0	-3.1437666	3.8820117	22.430227		
0	1	75.52400358719751	3493.4026999999996	-900.00372	-16.37364801323785	0.0	0.05728357976793078	75.52400358719751	16.37364801323785	0.0	16.37364801323785	0.0	-3.1440754	3.8815424	22.524817		
0	1	75.62400359194726	3.493521	-899.84613	-16.39864452606201	0.0	0.05737090346679687	75.62400359194726	16.39864452606201	0.0	16.39864452606201	0.0	-3.1436312	3.8823538	22.658817		
0	1	75.724003596697	3.4934423	-899.8855	-16.42364100589328	0.0	0.05745822736599392	75.724003596697	16.42364100589328	0.0	16.42364100589328	0.0	-3.143698	3.8820965	22.288343		
0	1	75.82400360144675	3.493521	-899.92493	-16.44863727800157	0.0	0.05754554998738607	75.82400360144675	16.44863727800157	0.0	16.44863727800157	0.0	-3.1439066	3.8820138	22.43811		
0	1	75.9240036061965	3.4934423	-899.8855	-16.47363367038303	0.0	0.05763287275431315	75.9240036061965	16.47363367038303	0.0	16.47363367038303	0.0	-3.143698	3.8820965	22.540581		
0	1	76.02400361094624	3.493324	-899.8855	-16.4986299533081	0.0	0.05772019470486111	76.02400361094624	16.49862995330811	0.0	16.49862995330811	0.0	-3.1435916	3.8819649	22.572111		
0	1	76.12400361569598	3.4934027	-899.96429	-16.52362630181207	0.0	0.05780751656928168	76.12400361569598	16.52362630181207	0.0	16.52362630181207	0.0	-3.1439378	3.8817127	22.540581		
0	1	76.22400362044573	3.493324	-899.8855	-16.54862260650635	0.0	0.05789483757188585	76.22400362044573	16.54862260650635	0.0	16.54862260650635	0.0	-3.1435916	3.8819649	22.643053		
0	1	76.32400362519547	3.4934027	-899.96429	-16.57361893320719	0.0	0.05798215894707574	76.32400362519547	16.5736189332072	0.0	16.5736189332072	0.0	-3.1439378	3.8817127	22.564228		
0	1	76.42400362994522	3.493324	-899.8855	-16.59861489885118	0.0	0.058069478451199	76.42400362994522	16.59861489885119	0.0	16.59861489885119	0.0	-3.1435916	3.8819649	22.501167		
0	1	76.52400363469496	3.4932454	-899.78699	-16.62361122555203	0.0	0.05815679882283529	76.52400363469496	16.62361122555203	0.0	16.62361122555203	0.0	-3.1431768	3.8823025	22.595758		
0	1	76.62400363944471	3.4932847	-899.84613	-16.64860738793267	0.0	0.05824411818712023	76.62400363944471	16.64860738793267	0.0	16.64860738793267	0.0	-3.1434188	3.882091	22.808584		
0	1	76.72400364419445	3.4932454	-899.86578	-16.67360355038113	0.0	0.05833143761108398	76.72400364419445	16.67360355038113	0.0	16.67360355038113	0.0	-3.1434519	3.8819625	22.548464		
0	1	76.8240036489442	3.4932454	-899.84613	-16.69859994262695	0.0	0.05841875746378581	76.8240036489442	16.69859994262696	0.0	16.69859994262696	0.0	-3.1433833	3.8820474	22.60364		
0	1	76.92400365369394	3493.324	-899.86578	-16.72359620354547	0.0	0.05850607628743489	76.92400365369394	16.72359620354547	0.0	16.72359620354547	0.0	-3.1435227	3.88205	22.643053		
0	1	77.02400365844369	3.4932454	-899.96429	-16.74859265051948	0.0	0.05859339558336046	77.02400365844369	16.74859265051948	0.0	16.74859265051948	0.0	-3.1437962	3.8815377	22.690348		
0	1	77.12400366319343	3493.2454000000002	-899.8855	-16.77358913052029	0.0	0.05868071469970703	77.12400366319343	16.77358913052029	0.0	16.77358913052029	0.0	-3.1435208	3.8818777	22.548464		
0	1	77.22400366794318	3.4932454	-899.90515	-16.79858538041857	0.0	0.05876803244140625	77.22400366794318	16.79858538041857	0.0	16.79858538041857	0.0	-3.1435895	3.8817928	22.461756		
0	1	77.32400367269292	3.4931664	-899.8855	-16.82358212310791	0.0	0.05885535151082357	77.32400367269292	16.82358212310791	0.0	16.82358212310791	0.0	-3.1434498	3.8817899	22.698229		
0	1	77.42400367744267	3.4932454	-899.90515	-16.84857848273383	0.0	0.05894266910454644	77.42400367744267	16.84857848273384	0.0	16.84857848273384	0.0	-3.1435895	3.8817928	22.587875		
0	1	77.52400368219241	3.493206	-899.86578	-16.87357496246338	0.0	0.05902998670369466	77.52400368219241	16.87357496246338	0.0	16.87357496246338	0.0	-3.1434166	3.8819189	22.540581		
0	1	77.62400368694216	3493.1663999999996	-899.8067	-16.89857140953912	0.0	0.05911730405097114	77.62400368694216	16.89857140953912	0.0	16.89857140953912	0.0	-3.1431746	3.8821299	22.5327		
0	1	77.7240036916919	3493.1663999999996		-16.92356783477783	0.0	0.05920462067247179	77.7240036916919	16.92356783477783	0.0	16.92356783477783	0.0	-3.1433122	3.8819597	22.698229		
0	1	77.82400369644165	3.4931664	-899.90515	-16.94856410668267	0.0	0.05929193661919488	77.82400369644165	16.94856410668267	0.0	16.94856410668267	0.0	-3.1435184	3.881705	22.706112		
0	1	77.9240037011914	3.4931664	-899.78699	-16.97356042246501	0.0	0.05937925210923937	77.9240037011914	16.97356042246501	0.0	16.97356042246501	0.0	-3.1431057	3.8822148	22.398697		
0	1	78.02400370594114	3.4930878	-899.8067	-16.99855655215793	0.0	0.05946656704766168	78.02400370594114	16.99855655215793	0.0	16.99855655215793	0.0	-3.1431038	3.8820424	22.5327		
0	1	78.12400371069089	3.4931664	-899.84613	-17.02355283518473	0.0	0.05955388244276259	78.12400371069089	17.02355283518473	0.0	17.02355283518473	0.0	-3.1433122	3.8819597	22.666698		
0	1	78.22400371544063	3.4930484	-899.86578	-17.04854954477946	0.0	0.05964119865871853	78.22400371544063	17.04854954477946	0.0	17.04854954477946	0.0	-3.1432748	3.8817439	22.650936		
0	1	78.32400372019038	3.4930091	-899.86578	-17.07354600287544	0.0	0.0597285141929796	78.32400372019038	17.07354600287544	0.0	17.07354600287544	0.0	-3.1432393	3.8817	22.493286		
0	1	78.42400372494012	3.4930878	-899.78699	-17.09854211076524	0.0	0.0598158277364095	78.42400372494012	17.09854211076525	0.0	17.09854211076525	0.0	-3.1430349	3.8821275	22.5327		
0	1	78.52400372968987	3.4931271	-899.82635	-17.12353833886041	0.0	0.05990314140475803	78.52400372968987	17.12353833886041	0.0	17.12353833886041	0.0	-3.1432078	3.8820014	22.540581		
0	1	78.62400373443961	3.4930091	-899.84613	-17.14853468753391	0.0	0.05999045513943142	78.62400373443961	17.14853468753391	0.0	17.14853468753391	0.0	-3.1431706	3.8817849	22.643053		
0	1	78.72400373918936	3.4929302	-899.86578	-17.17353109086778	0.0	0.06007776894694011	78.72400373918936	17.17353109086779	0.0	17.17353109086779	0.0	-3.1431684	3.8816123	22.706112		
0	1	78.8240037439391	3.4929695	-899.92493	-17.19852752709283	0.0	0.06016508245591905	78.8240037439391	17.19852752709283	0.0	17.19852752709283	0.0	-3.1434104	3.8814011	22.627287		
0	1	78.92400374868885	3.4930484	-899.8855	-17.22352384284125	0.0	0.0602523952492947	78.92400374868885	17.22352384284126	0.0	17.22352384284126	0.0	-3.1433437	3.8816588	22.63517		
0	1	79.02400375343859	3.4929695	-899.86578	-17.24852019154866	0.0	0.06033970721137153	79.02400375343859	17.24852019154867	0.0	17.24852019154867	0.0	-3.1432037	3.8816562	22.769171		
0	1	79.12400375818834	3.4930091	-899.90515	-17.27351680267334	0.0	0.06042701993286133	79.12400375818834	17.27351680267335	0.0	17.27351680267335	0.0	-3.1433768	3.8815303	22.643053		
0	1	79.22400376293808	3492.8908	-899.92493	-17.29851331539578	0.0	0.06051433205376519	79.22400376293808	17.29851331539578	0.0	17.29851331539578	0.0	-3.1433396	3.8813136	22.650936		
0	1	79.32400376768783	3.4930484	-899.8855	-17.32350982801649	0.0	0.06060164425374349	79.32400376768783	17.3235098280165	0.0	17.3235098280165	0.0	-3.1433437	3.8816588	22.658817		
0	1	79.42400377243757	3.4930091	-899.84613	-17.34850604512533	0.0	0.06068895528374566	79.42400377243757	17.34850604512533	0.0	17.34850604512533	0.0	-3.1431706	3.8817849	22.666698		
0	1	79.52400377718732	3.4929695	-899.82635	-17.37350255784776	0.0	0.06077626673516168	79.52400377718732	17.37350255784777	0.0	17.37350255784777	0.0	-3.1430659	3.8818262	22.650936		
0	1	79.62400378193706	3.4928515	-899.8855	-17.39849910349528	0.0	0.06086357810465495	79.62400378193706	17.39849910349528	0.0	17.39849910349528	0.0	-3.1431663	3.8814399	22.63517		
0	1	79.72400378668681	3492.9302	-899.90515	-17.42349552863227	0.0	0.06095088879692925	79.72400378668681	17.42349552863227	0.0	17.42349552863227	0.0	-3.1433058	3.8814425	22.572111		
0	1	79.82400379143655	3.4929302	-899.82635	-17.44849174591064	0.0	0.06103819813368055	79.82400379143655	17.44849174591065	0.0	17.44849174591065	0.0	-3.1430306	3.8817825	22.595758		
0	1	79.9240037961863	3.4928122	-899.90515	-17.47348826951769	0.0	0.06112550824517144	79.9240037961863	17.47348826951769	0.0	17.47348826951769	0.0	-3.1431997	3.8813114	22.579992		
0	1	80.02400380093604	3.4928908	-899.84613	-17.49848442108154	0.0	0.06121281650675456	80.02400380093604	17.49848442108155	0.0	17.49848442108155	0.0	-3.1430643	3.8816535	22.777052		
0	1	80.12400380568579	3.4928515	-899.90515	-17.52348108693441	0.0	0.06130012640679253	80.12400380568579	17.52348108693441	0.0	17.52348108693441	0.0	-3.143235	3.881355	22.698229		
0	1	80.22400381043553	3.4927728	-899.84613	-17.54847739173042	0.0	0.06138743449530708	80.22400381043553	17.54847739173042	0.0	17.54847739173042	0.0	-3.1429582	3.8815222	22.698229		
0	1	80.32400381518528	3.4927728	-899.8855	-17.57347372924805	0.0	0.06147474252061632	80.32400381518528	17.57347372924805	0.0	17.57347372924805	0.0	-3.1430955	3.8813524	22.540581		
0	1	80.42400381993502	3.4927728	-899.90515	-17.59847047173394	0.0	0.06156205138970269	80.42400381993502	17.59847047173394	0.0	17.59847047173394	0.0	-3.1431642	3.8812678	22.501167		
0	1	80.52400382468477	3492.8515	-899.92493	-17.62346685319688	0.0	0.06164935909627279	80.52400382468477	17.62346685319689	0.0	17.62346685319689	0.0	-3.1433041	3.8812699	22.40658		
0	1	80.62400382943451	3.4927728	-899.86578	-17.64846334391276	0.0	0.06173666716484918	80.62400382943451	17.64846334391276	0.0	17.64846334391276	0.0	-3.1430268	3.8814375	22.690348		
0	1	80.72400383418426	3.4927728	-899.94458	-17.67346002088759	0.0	0.06182397537177192	80.72400383418426	17.67346002088759	0.0	17.67346002088759	0.0	-3.143302	3.8810978	22.769171		
0	1	80.824003838934	3492.7728	-899.84613	-17.69845643517388	0.0	0.06191128228705512	80.824003838934	17.69845643517388	0.0	17.69845643517388	0.0	-3.1429582	3.8815222	22.548464		
0	1	80.92400384368375	3.4927332	-899.8855	-17.72345281660292	0.0	0.06199858898912218	80.92400384368375	17.72345281660292	0.0	17.72345281660292	0.0	-3.14306	3.8813086	22.60364		
0	1	81.0240038484335	3492.6938999999998	-899.90515	-17.74844917636447	0.0	0.06208589478759766	81.0240038484335	17.74844917636448	0.0	17.74844917636448	0.0	-3.1430933	3.88118	22.729759		
0	1	81.12400385318324	3492.6546	-899.98395	-17.77344560170491	0.0	0.06217320089409722	81.12400385318324	17.77344560170492	0.0	17.77344560170492	0.0	-3.143333	3.8807964	22.5327		
0	1	81.22400385793298	3.4927332	-899.90515	-17.79844230055067	0.0	0.06226050777859158	81.22400385793298	17.79844230055068	0.0	17.79844230055068	0.0	-3.1431286	3.8812237	22.706112		
0	1	81.32400386268273	3.4927728	-899.92493	-17.82343891174316	0.0	0.0623478140608724	81.32400386268273	17.82343891174317	0.0	17.82343891174317	0.0	-3.1432333	3.8811824	22.650936		
0	1	81.42400386743248	3.4925365	-899.8067	-17.84843542453342	0.0	0.06243511944837782	81.42400386743248	17.84843542453342	0.0	17.84843542453342	0.0	-3.1426077	3.8814299	22.63517		
0	1	81.52400387218222	3.4926546	-899.84613	-17.87343158711751	0.0	0.0625224232192654	81.52400387218222	17.87343158711752	0.0	17.87343158711752	0.0	-3.1428516	3.8813908	22.50905		
0	1	81.62400387693197	3492.8122	-899.8067	-17.89842797949897	0.0	0.06260972757568359	81.62400387693197	17.89842797949897	0.0	17.89842797949897	0.0	-3.1428559	3.881736	22.445992		
0	1	81.72400388168171	3.4925759	-899.8855	-17.92342473286947	0.0	0.06269703268107096	81.72400388168171	17.92342473286947	0.0	17.92342473286947	0.0	-3.1429183	3.8811336	22.76129		
0	1	81.82400388643146	3.4926546	-899.90515	-17.94842134409587	0.0	0.06278433730957031	81.82400388643146	17.94842134409587	0.0	17.94842134409587	0.0	-3.1430578	3.8811364	22.658817		
0	1	81.9240038911812	3492.7728	-899.86578	-17.97341764892578	0.0	0.06287164023925781	81.9240038911812	17.97341764892579	0.0	17.97341764892579	0.0	-3.1430268	3.8814375	22.60364		
0	1	82.02400389593095	3.4926152	-899.84613	-17.99841418355306	0.0	0.0629589440105523	82.02400389593095	17.99841418355306	0.0	17.99841418355306	0.0	-3.1428163	3.8813472	22.658817		
0	1	82.12400390068069	3.4925759	-899.8855	-18.02341081658257	0.0	0.0630462477122667	82.12400390068069	18.02341081658258	0.0	18.02341081658258	0.0	-3.1429183	3.8811336	22.516933		
0	1	82.22400390543044	3.4926152	-899.8855	-18.04840720869276	0.0	0.06313355061184353	82.22400390543044	18.04840720869277	0.0	18.04840720869277	0.0	-3.1429539	3.8811774	22.493286		
0	1	82.32400391018018	3.4926546	-899.84613	-18.07340338216146	0.0	0.06322085190212674	82.32400391018018	18.07340338216146	0.0	18.07340338216146	0.0	-3.1428516	3.8813908	22.63517		
0	1	82.42400391492993	3.4925759	-899.86578	-18.09839987308078	0.0	0.06330815353325737	82.42400391492993	18.09839987308079	0.0	18.09839987308079	0.0	-3.1428494	3.8812187	22.619404		
0	1	82.52400391967967	3.4925759	-899.84613	-18.1233964404975	0.0	0.06339545551011827	82.52400391967967	18.12339644049751	0.0	18.12339644049751	0.0	-3.1427808	3.8813035	22.698229		
0	1	82.62400392442942	3.4925365	-899.94458	-18.14839327063666	0.0	0.06348275808892144	82.62400392442942	18.14839327063667	0.0	18.14839327063667	0.0	-3.1430893	3.8808351	22.60364		
0	1	82.72400392917916	3.4925365	-899.8855	-18.17338980523003	0.0	0.06357005912339952	82.72400392917916	18.17338980523004	0.0	18.17338980523004	0.0	-3.1428831	3.8810899	22.595758		
0	1	82.8240039339289	3.4925759	-899.90515	-18.19838671176487	0.0	0.06365736157470703	82.8240039339289	18.19838671176487	0.0	18.19838671176487	0.0	-3.142987	3.8810489	22.911055		
0	1	82.92400393867865	3.4925365	-899.8855	-18.22338309309218	0.0	0.06374466201538086	82.92400393867865	18.22338309309218	0.0	18.22338309309218	0.0	-3.1428831	3.8810899	22.60364		
0	1	83.0240039434284	3.492379	-899.86578	-18.2483797044203	0.0	0.06383196268731012	83.0240039434284	18.24837970442031	0.0	18.24837970442031	0.0	-3.1426723	3.8809998	22.658817		
0	1	83.12400394817814	3.4924576	-899.84613	-18.27337598731147	0.0	0.06391926187689888	83.12400394817814	18.27337598731147	0.0	18.27337598731147	0.0	-3.1426744	3.8811719	22.76129		
0	1	83.22400395292789	3.4925365	-899.84613	-18.29837246717665	0.0	0.06400656169582791	83.22400395292789	18.29837246717665	0.0	18.29837246717665	0.0	-3.1427455	3.8812597	22.445992		
0	1	83.32400395767763	3.4924576	-899.8067	-18.32336880496555	0.0	0.06409386044759115	83.32400395767763	18.32336880496555	0.0	18.32336880496555	0.0	-3.1425369	3.8813422	22.643053		
0	1	83.42400396242738	3.4924183	-899.96429	-18.34836501142714	0.0	0.06418115846516927	83.42400396242738	18.34836501142714	0.0	18.34836501142714	0.0	-3.1430519	3.8806188	22.572111		
0	1	83.52400396717712	3.4924576	-899.92493	-18.3733614803399	0.0	0.06426845712348091	83.52400396717712	18.3733614803399	0.0	18.3733614803399	0.0	-3.1429496	3.8808322	22.674582		
0	1	83.62400397192687	3.4925365	-899.8855	-18.39835802575005	0.0	0.06435575604912652	83.62400397192687	18.39835802575006	0.0	18.39835802575006	0.0	-3.1428831	3.8810899	22.556345		
0	1	83.72400397667661	3.492379	-899.84613	-18.42335431962755	0.0	0.06444305328938803	83.72400397667661	18.42335431962755	0.0	18.42335431962755	0.0	-3.1426036	3.8810847	22.690348		
0	1	83.82400398142636	3.4923396	-899.94458	-18.44835053693983	0.0	0.06453035028184678	83.82400398142636	18.44835053693983	0.0	18.44835053693983	0.0	-3.1429121	3.8806162	22.548464		
0	1	83.9240039861761	3.4924576	-899.82635	-18.4733469619751	0.0	0.06461764740966797	83.9240039861761	18.4733469619751	0.0	18.4733469619751	0.0	-3.1426053	3.8812573	22.706112		
0	1	84.02400399092585	3.4923396	-899.76733	-18.4983432119751	0.0	0.06470494353244358	84.02400399092585	18.4983432119751	0.0	18.4983432119751	0.0	-3.1422932	3.8813808	22.579992		
0	1	84.1240039956756	3.4923396	-899.92493	-18.52333925421821	0.0	0.06479223873291015	84.1240039956756	18.52333925421821	0.0	18.52333925421821	0.0	-3.1428435	3.8807011	22.524817		
0	1	84.22400400042534	3492.3396000000002	-899.96429	-18.54833587660048	0.0	0.06487953593967014	84.22400400042534	18.54833587660048	0.0	18.54833587660048	0.0	-3.1429811	3.8805313	22.60364		
0	1	84.32400400517508	3.4923003	-899.84613	-18.57333238942464	0.0	0.06496683207519531	84.32400400517508	18.57333238942465	0.0	18.57333238942465	0.0	-3.1425328	3.8809972	22.824348		
0	1	84.42400400992483	3492.379	-899.86578	-18.59832850819906	0.0	0.06505412628363716	84.42400400992483	18.59832850819906	0.0	18.59832850819906	0.0	-3.1426723	3.8809998	22.800701		
0	1	84.52400401467457	3.4923396	-899.86578	-18.62332470347087	0.0	0.0651414209753418	84.52400401467457	18.62332470347087	0.0	18.62332470347087	0.0	-3.142637	3.8809562	22.43811		
0	1	84.62400401942432	3492.2607000000003	-899.8855	-18.64832126003689	0.0	0.06522871663330078	84.62400401942432	18.6483212600369	0.0	18.6483212600369	0.0	-3.1426349	3.8807833	22.76129		
0	1	84.72400402417406	3.4922607	-899.8855	-18.67331769629584	0.0	0.06531601098497179	84.72400402417406	18.67331769629585	0.0	18.67331769629585	0.0	-3.1426349	3.8807833	22.650936		
0	1	84.82400402892381	3492.1820000000002	-899.86578	-18.69831418718126	0.0	0.0654033055074056	84.82400402892381	18.69831418718127	0.0	18.69831418718127	0.0	-3.1424952	3.8807809	22.548464		
0	1	84.92400403367355	3.4923003	-899.78699	-18.72331090759277	0.0	0.06549060014241537	84.92400403367355	18.72331090759278	0.0	18.72331090759278	0.0	-3.1423264	3.8812523	22.556345		
0	1	85.0240040384233	3.4923003	-899.78699	-18.74830743140327	0.0	0.06557789416965061	85.0240040384233	18.74830743140327	0.0	18.74830743140327	0.0	-3.1423264	3.8812523	22.698229		
0	1	85.12400404317304	3.4923003	-899.78699	-18.7733037580363	0.0	0.06566518695692275	85.12400404317304	18.7733037580363	0.0	18.7733037580363	0.0	-3.1423264	3.8812523	22.713995		
0	1	85.22400404792279	3.4921427	-899.86578	-18.79830048977322	0.0	0.06575248082343207	85.22400404792279	18.79830048977323	0.0	18.79830048977323	0.0	-3.1424596	3.8807373	22.698229		
0	1	85.32400405267254	3.4921033	-899.84613	-18.82329689303928	0.0	0.06583977360188802	85.32400405267254	18.82329689303928	0.0	18.82329689303928	0.0	-3.1423557	3.8807783	22.63517		
0	1	85.42400405742228	3.4921427	-899.8855	-18.84829347137451	0.0	0.06592706638264974	85.42400405742228	18.84829347137452	0.0	18.84829347137452	0.0	-3.1425285	3.8806522	22.855877		
0	1	85.52400406217203	3.4922214	-899.8855	-18.87329038892958	0.0	0.06601435995483398	85.52400406217203	18.87329038892959	0.0	18.87329038892959	0.0	-3.1425993	3.8807397	22.76129		
0	1	85.62400406692177	3.4921427	-899.92493	-18.8982870002577	0.0	0.0661016523586697	85.62400406692177	18.89828700025771	0.0	18.89828700025771	0.0	-3.1426663	3.8804822	22.674582		
0	1	85.72400407167152	3.4922214	-899.92493	-18.92328358964708	0.0	0.06618894478488498	85.72400407167152	18.92328358964709	0.0	18.92328358964709	0.0	-3.1427372	3.8805697	22.343519		
0	1	85.82400407642126	3.4920244	-899.82635	-18.94828004760742	0.0	0.06627623633870443	85.82400407642126	18.94828004760743	0.0	18.94828004760743	0.0	-3.1422155	3.8807759	22.516933		
0	1	85.924004081171	3.492182	-899.96429	-18.97327680107965	0.0	0.06636352809868706	85.924004081171	18.97327680107965	0.0	18.97327680107965	0.0	-3.1428392	3.8803561	22.666698		
0	1	86.02400408592075	3.4921033	-899.92493	-18.99827337938097	0.0	0.06645081895087349	86.02400408592075	18.99827337938098	0.0	18.99827337938098	0.0	-3.1426308	3.8804386	22.611523		
0	1	86.1240040906705	3.4921033	-899.84613	-19.02326992502848	0.0	0.06653810921725803	86.1240040906705	19.02326992502849	0.0	19.02326992502849	0.0	-3.1423557	3.8807783	22.769171		
0	1	86.22400409542024	3.4919851	-899.86578	-19.04826689758301	0.0	0.06662540107354058	86.22400409542024	19.04826689758302	0.0	19.04826689758302	0.0	-3.142318	3.8805621	22.713995		
0	1	86.32400410016999	3.4921427	-899.82635	-19.0732634213935	0.0	0.06671269083089193	86.32400410016999	19.07326342139351	0.0	19.07326342139351	0.0	-3.1423221	3.8809073	22.721876		
0	1	86.42400410491973	3.4920244	-899.90515	-19.09825970418294	0.0	0.06679997962822808	86.42400410491973	19.09825970418295	0.0	19.09825970418295	0.0	-3.1424909	3.8804362	22.445992		
0	1	86.52400410966948	3.4920244	-899.8855	-19.12325608571371	0.0	0.06688726869167752	86.52400410966948	19.12325608571371	0.0	19.12325608571371	0.0	-3.1424222	3.8805208	22.595758		
0	1	86.62400411441922	3.4921033	-899.84613	-19.14825242329916	0.0	0.06697455709011502	86.62400411441922	19.14825242329916	0.0	19.14825242329916	0.0	-3.1423557	3.8807783	22.690348		
0	1	86.72400411916897	3.492064	-899.94458	-19.17324865159776	0.0	0.06706184518541124	86.72400411916897	19.17324865159777	0.0	19.17324865159777	0.0	-3.142664	3.8803101	22.595758		
0	1	86.82400412391871	3.492064	-899.90515	-19.19824485799154	0.0	0.0671491324363878	86.82400412391871	19.19824485799155	0.0	19.19824485799155	0.0	-3.1425264	3.8804801	22.769171		
0	1	86.92400412866846	3.4919851	-899.84613	-19.22324110809326	0.0	0.06723641958387587	86.92400412866846	19.22324110809327	0.0	19.22324110809327	0.0	-3.1422493	3.8806469	22.729759		
0	1	87.0240041334182	3.4919457	-899.8855	-19.24823718315972	0.0	0.06732370602159288	87.0240041334182	19.24823718315973	0.0	19.24823718315973	0.0	-3.1423514	3.8804333	22.713995		
0	1	87.12400413816795	3.4919851	-899.84613	-19.27323318155925	0.0	0.0674109915230306	87.12400413816795	19.27323318155926	0.0	19.27323318155926	0.0	-3.1422493	3.8806469	22.643053		
0	1	87.22400414291769	3.4919457	-899.8855	-19.29822966142443	0.0	0.0674982784503852	87.22400414291769	19.29822966142444	0.0	19.29822966142444	0.0	-3.1423514	3.8804333	22.619404		
0	1	87.32400414766744	3.4919851	-899.8067	-19.32322608666314	0.0	0.06758556528537327	87.32400414766744	19.32322608666315	0.0	19.32322608666315	0.0	-3.1421115	3.8808169	22.579992		
0	1	87.42400415241718	3.4919851	-899.90515	-19.34822232581245	0.0	0.06767285113593208	87.42400415241718	19.34822232581246	0.0	19.34822232581246	0.0	-3.1424553	3.8803923	22.650936		
0	1	87.52400415716693	3.4919851	-899.84613	-19.37321854309082	0.0	0.06776013639892578	87.52400415716693	19.37321854309083	0.0	19.37321854309083	0.0	-3.1422493	3.8806469	22.516933		
0	1	87.62400416191667	3.4918671	-899.92493	-19.39821496839735	0.0	0.06784742183729384	87.62400416191667	19.39821496839737	0.0	19.39821496839737	0.0	-3.1424181	3.8801761	22.556345		
0	1	87.72400416666642	3.4919457	-899.8855	-19.42321137169732	0.0	0.06793470690348308	87.72400416666642	19.42321137169733	0.0	19.42321137169733	0.0	-3.1423514	3.8804333	22.840113		
0	1	87.82400417141616	3.4918671	-899.86578	-19.44820759982639	0.0	0.06802199133884006	87.82400417141616	19.4482075998264	0.0	19.4482075998264	0.0	-3.1422117	3.8804309	22.40658		
0	1	87.92400417616591	3.4918671	-899.8855	-19.47320367482503	0.0	0.06810927518093533	87.92400417616591	19.47320367482505	0.0	19.47320367482505	0.0	-3.1422806	3.8803461	22.777052		
0	1	88.02400418091565	3.4919851	-899.8855	-19.4981999468316	0.0	0.06819655945502387	88.02400418091565	19.49819994683161	0.0	19.49819994683161	0.0	-3.1423867	3.8804772	22.63517		
0	1	88.1240041856654	3.4917881	-899.8855	-19.52319633945041	0.0	0.068283843460829	88.1240041856654	19.52319633945043	0.0	19.52319633945043	0.0	-3.1422095	3.8802583	22.63517		
0	1	88.22400419041514	3.4919064	-899.78699	-19.54819265509711	0.0	0.06837112676486545	88.22400419041514	19.54819265509713	0.0	19.54819265509713	0.0	-3.1419718	3.8808146	22.564228		
0	1	88.32400419516489	3.4918671	-899.82635	-19.57318878472222	0.0	0.06845840922254774	88.32400419516489	19.57318878472223	0.0	19.57318878472223	0.0	-3.1420741	3.8806009	22.540581		
0	1	88.42400419991463	3.4919064	-899.90515	-19.59818513339572	0.0	0.06854569187377929	88.42400419991463	19.59818513339574	0.0	19.59818513339574	0.0	-3.1423845	3.8803051	22.60364		
0	1	88.52400420466438	3.4918277	-899.8855	-19.62318137237549	0.0	0.06863297445705838	88.52400420466438	19.6231813723755	0.0	19.6231813723755	0.0	-3.1422451	3.8803022	22.524817		
0	1	88.62400420941412	3.4918671	-899.82635	-19.64817796159532	0.0	0.06872025800767687	88.62400420941412	19.64817796159534	0.0	19.64817796159534	0.0	-3.1420741	3.8806009	22.73764		
0	1	88.72400421416387	3.4917881	-899.86578	-19.6731748682997	0.0	0.06880754174018013	88.72400421416387	19.67317486829971	0.0	19.67317486829971	0.0	-3.1421406	3.8803432	22.824348		
0	1	88.82400421891361	3491.8671	-899.8855	-19.69817124976264	0.0	0.0688948236984592	88.82400421891361	19.69817124976266	0.0	19.69817124976266	0.0	-3.1422806	3.8803461	22.792818		
0	1	88.92400422366336	3.4917881	-899.96429	-19.72316793782552	0.0	0.06898210605767144	88.92400422366336	19.72316793782554	0.0	19.72316793782554	0.0	-3.1424847	3.8799186	22.769171		
0	1	89.0240042284131	3.4917488	-899.86578	-19.74816440673828	0.0	0.06906938702094184	89.0240042284131	19.7481644067383	0.0	19.7481644067383	0.0	-3.1421053	3.8802996	22.611523		
0	1	89.12400423316285	3.4917488	-899.84613	-19.77316040517171	0.0	0.06915666649943034	89.12400423316285	19.77316040517173	0.0	19.77316040517173	0.0	-3.1420367	3.8803842	22.524817		
0	1	89.2240042379126	3.4917881	-899.8855	-19.79815684146457	0.0	0.06924394750664604	89.2240042379126	19.79815684146459	0.0	19.79815684146459	0.0	-3.1422095	3.8802583	22.816465		
0	1	89.32400424266234	3491.7488	-899.84613	-19.82315320098877	0.0	0.0693312273010254	89.32400424266234	19.82315320098879	0.0	19.82315320098879	0.0	-3.1420367	3.8803842	22.643053		
0	1	89.42400424741209	3.4917095	-899.96429	-19.84815003106011	0.0	0.06941850852213542	89.42400424741209	19.84815003106013	0.0	19.84815003106013	0.0	-3.1424139	3.8798311	22.579992		
0	1	89.52400425216183	3.4917488	-899.8067	-19.87314633582221	0.0	0.06950578788913303	89.52400425216183	19.87314633582223	0.0	19.87314633582223	0.0	-3.1418989	3.8805544	22.564228		
0	1	89.62400425691158	3.4916701	-899.86578	-19.89814249833849	0.0	0.06959306610961914	89.62400425691158	19.89814249833851	0.0	19.89814249833851	0.0	-3.1420345	3.8802121	22.698229		
0	1	89.72400426166132	3.4917881	-899.92493	-19.92313894541423	0.0	0.0696803455597602	89.72400426166132	19.92313894541424	0.0	19.92313894541424	0.0	-3.1423471	3.8800883	22.611523		
0	1	89.82400426641107	3491.5125		-19.94813537082248	0.0	0.06976762428426107	89.82400426641107	19.9481353708225	0.0	19.9481353708225	0.0	-3.1419616	3.879952	22.674582		
0	1	89.92400427116081	3491.5519		-19.97313170850966	0.0	0.06985490246622722	89.92400427116081	19.97313170850968	0.0	19.97313170850968	0.0	-3.1421347	3.8798258	22.619404		
0	1	90.02400427591056	3.4915519	-899.90515	-19.99812815551758	0.0	0.06994218067586264	90.02400427591056	19.9981281555176	0.0	19.9981281555176	0.0	-3.1420655	3.8799109	22.784935		
0	1	90.1240042806603	3.4915125	-899.82635	-20.02312412099203	0.0	0.07002945684909397	90.1240042806603	20.02312412099204	0.0	20.02312412099204	0.0	-3.1417551	3.8802071	22.619404		
0	1	90.22400428541005	3.4917095	-899.86578	-20.04812051310221	0.0	0.07011673423583985	90.22400428541005	20.04812051310223	0.0	20.04812051310223	0.0	-3.1420698	3.8802559	22.524817		
0	1	90.3240042901598	3.4915519	-899.94458	-20.07311688357883	0.0	0.07020401176378038	90.3240042901598	20.07311688357885	0.0	20.07311688357885	0.0	-3.1422031	3.879741	22.595758		
0	1	90.42400429490954	3.4915912	-899.86578	-20.0981132977634	0.0	0.07029128883341472	90.42400429490954	20.09811329776342	0.0	20.09811329776342	0.0	-3.1419635	3.8801243	22.627287		
0	1	90.52400429965928	3.4915125	-899.86578	-20.12310955881755	0.0	0.07037856489556206	90.52400429965928	20.12310955881757	0.0	20.12310955881757	0.0	-3.1418927	3.8800371	22.398697		
0	1	90.62400430440904	3.4916308	-899.84613	-20.14810579806858	0.0	0.07046584072401259	90.62400430440904	20.1481057980686	0.0	20.1481057980686	0.0	-3.1419303	3.8802531	22.564228		
0	1	90.72400430915876	3.4915519	-899.86578	-20.17310201534695	0.0	0.0705531158460829	90.72400430915876	20.17310201534697	0.0	20.17310201534697	0.0	-3.141928	3.8800807	22.721876		
0	1	90.82400431390852	3.4915519	-899.86578	-20.19809872511122	0.0	0.07064039253038194	90.82400431390852	20.19809872511124	0.0	20.19809872511124	0.0	-3.141928	3.8800807	22.73764		
0	1	90.92400431865826	3.4914732	-899.94458	-20.22309548963759	0.0	0.07072766873711481	90.92400431865826	20.22309548963761	0.0	20.22309548963761	0.0	-3.1421323	3.8796535	22.619404		
0	1	91.024004323408	3.4914339	-899.90515	-20.24809202426487	0.0	0.07081494392483181	91.024004323408	20.24809202426489	0.0	20.24809202426489	0.0	-3.1419594	3.8797798	22.63517		
0	1	91.12400432815777	3.4914732	-899.82635	-20.2730887886556	0.0	0.07090221967854818	91.12400432815777	20.27308878865562	0.0	20.27308878865562	0.0	-3.1417196	3.8801632	22.706112		
0	1	91.2240043329075	3.4914339	-899.8855	-20.29808489637587	0.0	0.07098949282443576	91.2240043329075	20.29808489637589	0.0	20.29808489637589	0.0	-3.1418908	3.8798645	22.611523		
0	1	91.32400433765724	3.4914339	-899.98395	-20.32308098239475	0.0	0.07107676563883464	91.32400433765724	20.32308098239477	0.0	20.32308098239477	0.0	-3.1422343	3.8794401	22.674582		
0	1	91.424004342407	3.4915125	-899.84613	-20.34807756076389	0.0	0.07116404003512912	91.424004342407	20.34807756076391	0.0	20.34807756076391	0.0	-3.141824	3.8801217	22.627287		
0	1	91.52400434715672	3.4913945	-899.8855	-20.37307385457357	0.0	0.0712513128266059	91.52400434715672	20.37307385457359	0.0	20.37307385457359	0.0	-3.1418552	3.8798208	22.729759		
0	1	91.62400435190648	3.4913945	-899.82635	-20.3980697873603	0.0	0.07133858435750326	91.62400435190648	20.39806978736032	0.0	20.39806978736032	0.0	-3.1416488	3.8800759	22.808584		
0	1	91.72400435665622	3.4913549	-899.86578	-20.42306631096734	0.0	0.07142585702596028	91.72400435665622	20.42306631096736	0.0	20.42306631096736	0.0	-3.1417508	3.8798618	22.721876		
0	1	91.82400436140595	3.4913549	-899.82635	-20.44806300960965	0.0	0.07151313040445964	91.82400436140595	20.44806300960967	0.0	20.44806300960967	0.0	-3.1416132	3.8800318	22.76129		
0	1	91.92400436615571	3.4913156	-899.72791	-20.47305912845188	0.0	0.07160040128526475	91.92400436615571	20.4730591284519	0.0	20.4730591284519	0.0	-3.1412342	3.8804128	22.564228		
0	1	92.02400437090546	3.4912763	-899.8067	-20.49805572882758	0.0	0.07168767335462782	92.02400437090546	20.49805572882761	0.0	20.49805572882761	0.0	-3.1414738	3.8800292	22.627287		
0	1	92.1240043756552	3.4913549	-899.8855	-20.5230523836263	0.0	0.07177494561360677	92.1240043756552	20.52305238362633	0.0	20.52305238362633	0.0	-3.1418197	3.879777	22.5327		
0	1	92.22400438040496	3.4913549	-899.86578	-20.54804839287652	0.0	0.07186221556003147	92.22400438040496	20.54804839287655	0.0	20.54804839287655	0.0	-3.1417508	3.8798618	22.73764		
0	1	92.32400438515468	3.4912763	-899.86578	-20.57304493828667	0.0	0.0719494871617296	92.32400438515468	20.5730449382867	0.0	20.5730449382867	0.0	-3.14168	3.8797743	22.658817		
0	1	92.42400438990444	3.4913156	-899.86578	-20.59804166995578	0.0	0.07203675892089843	92.42400438990444	20.59804166995581	0.0	20.59804166995581	0.0	-3.1417155	3.8798182	22.63517		
0	1	92.52400439465418	3.4913549	-899.92493	-20.62303819356282	0.0	0.07212402952067057	92.52400439465418	20.62303819356286	0.0	20.62303819356286	0.0	-3.1419573	3.879607	22.658817		
0	1	92.62400439940392	3.4911582	-899.92493	-20.64803487070719	0.0	0.07221130020453559	92.62400439940392	20.64803487070722	0.0	20.64803487070722	0.0	-3.1417804	3.8793883	22.698229		
0	1	92.72400440415367	3.4912763	-899.8855	-20.67303106601291	0.0	0.07229856883138021	92.72400440415367	20.67303106601294	0.0	20.67303106601294	0.0	-3.1417489	3.8796895	22.729759		
0	1	92.82400440890342	3.4911582	-899.84613	-20.69802751322428	0.0	0.07238583810221354	92.82400440890342	20.69802751322431	0.0	20.69802751322431	0.0	-3.1415052	3.8797281	22.540581		
0	1	92.92400441365317	3.4912763	-899.90515	-20.72302425571018	0.0	0.0724731083448622	92.92400441365317	20.72302425571021	0.0	20.72302425571021	0.0	-3.1418176	3.8796048	22.887407		
0	1	93.02400441840292	3.4911976	-899.86578	-20.74802072455512	0.0	0.07256037704128689	93.02400441840292	20.74802072455515	0.0	20.74802072455515	0.0	-3.1416092	3.8796871	22.469639		
0	1	93.12400442315266	3.4911976	-899.8855	-20.77301718268501	0.0	0.07264764554334853	93.12400442315266	20.77301718268503	0.0	20.77301718268503	0.0	-3.1416781	3.879602	22.627287		
0	1	93.2240044279024	3.4911582	-899.78699	-20.79801364057753	0.0	0.07273491386745877	93.2240044279024	20.79801364057756	0.0	20.79801364057756	0.0	-3.1412988	3.8799829	22.595758		
0	1	93.32400443265216	3491.1976		-20.82300987976074	0.0	0.07282218115234375	93.32400443265216	20.82300987976077	0.0	20.82300987976077	0.0	-3.1418157	3.879432	22.540581		
0	1	93.42400443740188	3.4911976	-899.8855	-20.84800618452284	0.0	0.07290944823337131	93.42400443740188	20.84800618452287	0.0	20.84800618452287	0.0	-3.1416781	3.879602	22.493286		
0	1	93.52400444215164	3.4911976	-899.8855	-20.87300233625624	0.0	0.07299671434665256	93.52400444215164	20.87300233625627	0.0	20.87300233625627	0.0	-3.1416781	3.879602	22.769171		
0	1	93.62400444690138	3.4911976	-899.76733	-20.89799841135661	0.0	0.07308397997599284	93.62400444690138	20.89799841135664	0.0	20.89799841135664	0.0	-3.1412656	3.8801115	22.698229		
0	1	93.72400445165113	3.4911976	-899.8855	-20.92299462863498	0.0	0.07317124604248047	93.72400445165113	20.92299462863501	0.0	20.92299462863501	0.0	-3.1416781	3.879602	22.398697		
0	1	93.82400445640089	3.4911582	-899.90515	-20.94799127258301	0.0	0.07325851340182835	93.82400445640089	20.94799127258304	0.0	20.94799127258304	0.0	-3.1417112	3.8794734	22.745523		
0	1	93.92400446115062	3491.1976	-899.84613	-20.97298827799479	0.0	0.0733457814320204	93.92400446115062	20.97298827799482	0.0	20.97298827799482	0.0	-3.1415405	3.8797717	22.706112		
0	1	94.02400446590036	3.4911582	-899.92493	-20.9979846923489	0.0	0.07343304704386393	94.02400446590036	20.99798469234893	0.0	20.99798469234893	0.0	-3.1417804	3.8793883	22.453875		
0	1	94.12400447065012	3.4910793	-899.86578	-21.02298108456082	0.0	0.07352031222317165	94.12400447065012	21.02298108456085	0.0	21.02298108456085	0.0	-3.1415029	3.8795557	22.650936		
0	1	94.22400447539984	3491.04	-899.8855	-21.04797727996826	0.0	0.07360757618381077	94.22400447539984	21.04797727996829	0.0	21.04797727996829	0.0	-3.1415362	3.879427	22.650936		
0	1	94.3240044801496	3.4911582	-899.8855	-21.07297330027262	0.0	0.07369483984795465	94.3240044801496	21.07297330027265	0.0	21.07297330027265	0.0	-3.1416426	3.8795583	22.619404		
0	1	94.42400448489934	3.4911187	-899.82635	-21.09796960506863	0.0	0.07378210420979818	94.42400448489934	21.09796960506866	0.0	21.09796960506866	0.0	-3.1414006	3.8797693	22.698229		
0	1	94.52400448964907	3.4911187	-899.92493	-21.12296605217828	0.0	0.07386936871419271	94.52400448964907	21.12296605217831	0.0	21.12296605217831	0.0	-3.1417446	3.8793442	22.650936		
0	1	94.62400449439885	3.4910007	-899.8855	-21.14796251017253	0.0	0.07395663264729818	94.62400449439885	21.14796251017255	0.0	21.14796251017255	0.0	-3.1415009	3.8793831	22.564228		
0	1	94.72400449914858	3.49104	-899.82635	-21.17295885884603	0.0	0.07404389613945855	94.72400449914858	21.17295885884606	0.0	21.17295885884606	0.0	-3.1413298	3.8796818	22.745523		
0	1	94.82400450389832	3.4910007	-899.76733	-21.19795451805962	0.0	0.07413115635810004	94.82400450389832	21.19795451805965	0.0	21.19795451805965	0.0	-3.1410882	3.8798926	22.469639		
0	1	94.92400450864808	3.4910007	-899.90515	-21.22295120588515	0.0	0.0742184199915907	94.92400450864808	21.22295120588517	0.0	21.22295120588517	0.0	-3.1415694	3.8792984	22.548464		
0	1	95.0240045133978	3.4909613	-899.98395	-21.24794800313314	0.0	0.07430568400702582	95.0240045133978	21.24794800313317	0.0	21.24794800313317	0.0	-3.1418092	3.8789151	22.5327		
0	1	95.12400451814756	3.4908824	-899.86578	-21.27294447207981	0.0	0.07439294618733724	95.12400451814756	21.27294447207984	0.0	21.27294447207984	0.0	-3.1413257	3.8793368	22.611523		
0	1	95.2240045228973	3.4909613	-899.96429	-21.29794111626519	0.0	0.0744802085272895	95.2240045228973	21.29794111626522	0.0	21.29794111626522	0.0	-3.1417406	3.8789997	22.627287		
0	1	95.32400452764703	3.4910007	-899.8855	-21.32293743184407	0.0	0.07456746938449436	95.32400452764703	21.32293743184411	0.0	21.32293743184411	0.0	-3.1415009	3.8793831	22.650936		
0	1	95.4240045323968	3.4910007	-899.94458	-21.34793382412381	0.0	0.07465473066718208	95.4240045323968	21.34793382412384	0.0	21.34793382412384	0.0	-3.1417072	3.8791285	22.855877		
0	1	95.52400453714654	3.4909613	-899.8855	-21.37293021647135	0.0	0.074741991792806	95.52400453714654	21.37293021647139	0.0	21.37293021647139	0.0	-3.1414654	3.8793395	22.713995		
0	1	95.62400454189628	3.4908824	-899.90515	-21.39792624762641	0.0	0.07482925114474827	95.62400454189628	21.39792624762644	0.0	21.39792624762644	0.0	-3.141463	3.8791671	22.729759		
0	1	95.72400454664604	3.4908824	-899.90515	-21.42292259629991	0.0	0.07491651138916015	95.72400454664604	21.42292259629994	0.0	21.42292259629994	0.0	-3.141463	3.8791671	22.627287		
0	1	95.82400455139576	3.490922	-899.82635	-21.44791844126383	0.0	0.07500376940226237	95.82400455139576	21.44791844126387	0.0	21.44791844126387	0.0	-3.1412237	3.8795507	22.800701		
0	1	95.92400455614552	3.490922	-899.86578	-21.47291475691054	0.0	0.07509102862467448	95.92400455614552	21.47291475691057	0.0	21.47291475691057	0.0	-3.1413612	3.8793807	22.658817		
0	1	96.02400456089526	3.4908824	-899.82635	-21.4979112805854	0.0	0.07517828782470704	96.02400456089526	21.49791128058542	0.0	21.49791128058542	0.0	-3.1411879	3.8795068	22.792818		
0	1	96.124004565645	3.4908037	-899.8855	-21.52290793555366	0.0	0.07526554752251519	96.124004565645	21.52290793555369	0.0	21.52290793555369	0.0	-3.1413236	3.8791642	22.713995		
0	1	96.22400457039475	3.4907644	-899.82635	-21.54790467803955	0.0	0.07535280719184027	96.22400457039475	21.54790467803958	0.0	21.54790467803958	0.0	-3.1410818	3.8793755	22.753407		
0	1	96.3240045751445	3.4908431	-899.8067	-21.57290142069499	0.0	0.07544006668457032	96.3240045751445	21.57290142069501	0.0	21.57290142069501	0.0	-3.141084	3.8795478	22.903172		
0	1	96.42400457989424	3.4907644	-899.74762	-21.59789761627197	0.0	0.07552732401163736	96.42400457989424	21.597897616272	0.0	21.597897616272	0.0	-3.1408069	3.879715	22.753407		
0	1	96.524004584644	3.4908037	-899.8855	-21.62289400865343	0.0	0.07561458145494249	96.524004584644	21.62289400865346	0.0	21.62289400865346	0.0	-3.1413236	3.8791642	22.682465		
0	1	96.62400458939372	3.4908037	-899.92493	-21.64789058705648	0.0	0.07570183954766167	96.62400458939372	21.64789058705651	0.0	21.64789058705651	0.0	-3.1414614	3.8789945	22.721876		
0	1	96.72400459414348	3.4908037	-899.86578	-21.67288705603706	0.0	0.07578909708129883	96.72400459414348	21.67288705603708	0.0	21.67288705603708	0.0	-3.1412549	3.8792493	22.816465		
0	1	96.82400459889324	3490.7644	-899.92493	-21.69788332800971	0.0	0.0758763538289388	96.82400459889324	21.69788332800974	0.0	21.69788332800974	0.0	-3.1414258	3.8789506	22.611523		
0	1	96.92400460364296	3.4907644	-899.90515	-21.72287957790799	0.0	0.07596360969319661	96.92400460364296	21.72287957790802	0.0	21.72287957790802	0.0	-3.1413569	3.8790359	22.698229		
0	1	97.02400460839272	3.4908037	-899.8855	-21.74787622195774	0.0	0.07605086687391494	97.02400460839272	21.74787622195777	0.0	21.74787622195777	0.0	-3.1413236	3.8791642	22.658817		
0	1	97.12400461314246	3.4907644	-899.92493	-21.77287266916911	0.0	0.07613812285630968	97.12400461314246	21.77287266916914	0.0	21.77287266916914	0.0	-3.1414258	3.8789506	22.666698		
0	1	97.2240046178922	3.490725	-899.8855	-21.79786944437663	0.0	0.07622538006212022	97.2240046178922	21.79786944437666	0.0	21.79786944437666	0.0	-3.1412528	3.879077	22.643053		
0	1	97.32400462264197	3490.8037	-899.82635	-21.82286614318848	0.0	0.0763126365093316	97.32400462264197	21.82286614318851	0.0	21.82286614318851	0.0	-3.1411171	3.8794193	22.643053		
0	1	97.4240046273917	3.490725	-899.90515	-21.84786290764703	0.0	0.07639989298895943	97.4240046273917	21.84786290764706	0.0	21.84786290764706	0.0	-3.1413214	3.8789921	22.63517		
0	1	97.52400463214144	3490.7644		-21.87285922336154	0.0	0.0764871477053494	97.52400463214144	21.87285922336157	0.0	21.87285922336157	0.0	-3.1411507	3.8792903	22.769171		
0	1	97.6240046368912	3.4906857	-899.8855	-21.89785557186551	0.0	0.07657440210286458	97.6240046368912	21.89785557186553	0.0	21.89785557186553	0.0	-3.1412175	3.8790331	22.643053		
0	1	97.72400464164092	3.4906068	-899.84613	-21.92285152642144	0.0	0.07666165486884223	97.72400464164092	21.92285152642147	0.0	21.92285152642147	0.0	-3.1410091	3.8791151	22.713995		
0	1	97.82400464639068	3490.725		-21.94784814860026	0.0	0.07674890955200195	97.82400464639068	21.94784814860029	0.0	21.94784814860029	0.0	-3.140909	3.8795016	22.926821		
0	1	97.92400465114042	3.4906857	-899.86578	-21.97284399366591	0.0	0.07683616158189562	97.92400465114042	21.97284399366594	0.0	21.97284399366594	0.0	-3.1411486	3.8791182	22.824348		
0	1	98.02400465589017	3.4906461	-899.76733	-21.99784061611599	0.0	0.07692341549736871	98.02400465589017	21.99784061611602	0.0	21.99784061611602	0.0	-3.1407692	3.8794987	22.650936		
0	1	98.12400466063993	3.4906857	-899.90515	-22.02283713968913	0.0	0.077010669007704	98.12400466063993	22.02283713968916	0.0	22.02283713968916	0.0	-3.1412861	3.8789485	22.824348		
0	1	98.22400466538966	3490.6068	-899.92493	-22.04783368520101	0.0	0.0770979225366211	98.22400466538966	22.04783368520104	0.0	22.04783368520104	0.0	-3.141284	3.8787756	22.713995		
0	1	98.3240046701394	3.4906461	-899.8067	-22.07283001176622	0.0	0.07718517465060763	98.3240046701394	22.07283001176625	0.0	22.07283001176625	0.0	-3.1409068	3.879329	22.769171		
0	1	98.42400467488916	3.4905674	-899.92493	-22.09782667785645	0.0	0.07727242798950196	98.42400467488916	22.09782667785647	0.0	22.09782667785647	0.0	-3.1412487	3.8787317	22.784935		
0	1	98.52400467963888	3.4905674	-899.86578	-22.12282314676921	0.0	0.07735968038384332	98.52400467963888	22.12282314676924	0.0	22.12282314676924	0.0	-3.1410422	3.8789868	22.643053		
0	1	98.62400468438864	3.4905281	-899.90515	-22.1478193967353	0.0	0.07744693118828667	98.62400468438864	22.14781939673533	0.0	22.14781939673533	0.0	-3.1411443	3.8787735	22.966232		
0	1	98.72400468913838	3490.6068		-22.17281583289252	0.0	0.0775341822684733	98.72400468913838	22.17281583289255	0.0	22.17281583289255	0.0	-3.1412151	3.8788607	22.63517		
0	1	98.82400469388811	3.4905674	-899.92493	-22.19781224724663	0.0	0.07762143270168728	98.82400469388811	22.19781224724667	0.0	22.19781224724667	0.0	-3.1412487	3.8787317	22.784935		
0	1	98.92400469863787	3.4905674	-899.84613	-22.22280873813205	0.0	0.07770868373657226	98.92400469863787	22.22280873813208	0.0	22.22280873813208	0.0	-3.1409736	3.8790715	22.690348		
0	1	99.02400470338762	3.4905281	-899.86578	-22.24780510860867	0.0	0.07779593405653212	99.02400470338762	22.2478051086087	0.0	22.2478051086087	0.0	-3.1410067	3.878943	22.769171		
0	1	99.12400470813736	3.4905281	-899.90515	-22.27280223415799	0.0	0.07788318661838108	99.12400470813736	22.27280223415802	0.0	22.27280223415802	0.0	-3.1411443	3.8787735	22.729759		
0	1	99.22400471288712	3.4905281	-899.86578	-22.29779887827555	0.0	0.07797043661390517	99.22400471288712	22.29779887827559	0.0	22.29779887827559	0.0	-3.1410067	3.878943	22.706112		
0	1	99.32400471763684	3.4905281	-899.92493	-22.32279535810682	0.0	0.07805768585842557	99.32400471763684	22.32279535810686	0.0	22.32279535810686	0.0	-3.1412132	3.8786881	22.997761		
0	1	99.4240047223866	3.4904494	-899.8855	-22.34779183814155	0.0	0.07814493453274197	99.4240047223866	22.34779183814158	0.0	22.34779183814158	0.0	-3.1410048	3.8787706	22.73764		
0	1	99.52400472713634	3.4904099	-899.8855	-22.37278807715522	0.0	0.07823218254380968	99.52400472713634	22.37278807715525	0.0	22.37278807715525	0.0	-3.1409693	3.8787267	22.950466		
0	1	99.62400473188607	3.4904494	-899.86578	-22.39778465552436	0.0	0.07831943138414171	99.62400473188607	22.39778465552439	0.0	22.39778465552439	0.0	-3.1409359	3.8788557	22.86376		
0	1	99.72400473663583	3490.4099	-899.8855	-22.4227811899821	0.0	0.0784066800910102	99.72400473663583	22.42278118998213	0.0	22.42278118998213	0.0	-3.1409693	3.8787267	22.611523		
0	1	99.82400474138558	3.4903705	-899.86578	-22.44777747283936	0.0	0.07849392726996528	99.82400474138558	22.44777747283939	0.0	22.44777747283939	0.0	-3.1408651	3.878768	22.650936		
0	1	99.92400474613532	3.4903312	-899.8067	-22.47277372297499	0.0	0.07858117407836913	99.92400474613532	22.47277372297502	0.0	22.47277372297502	0.0	-3.1406233	3.878979	22.777052		
0	1	100.0240047508851	3490.3705	-899.84613	-22.49776998402913	0.0	0.07866842043334961	100.0240047508851	22.49776998402917	0.0	22.49776998402917	0.0	-3.1407964	3.8788526	22.682465		
0	1	100.1240047556348	3.4903312	-899.8855	-22.52276646406386	0.0	0.07875566759155274	100.1240047556348	22.52276646406389	0.0	22.52276646406389	0.0	-3.1408985	3.8786392	22.60364		
0	1	100.2240047603846	3.4903705	-899.98395	-22.54776323944092	0.0	0.07884291518975152	100.2240047603846	22.54776323944095	0.0	22.54776323944095	0.0	-3.1412776	3.8782587	22.918938		
0	1	100.3240047651343	3.4904099	-899.90515	-22.57276008046468	0.0	0.07893016258422851	100.3240047651343	22.57276008046472	0.0	22.57276008046472	0.0	-3.1410377	3.8786418	22.73764		
0	1	100.4240047698841	3.4902918	-899.8067	-22.59775656039768	0.0	0.07901740865993924	100.4240047698841	22.59775656039772	0.0	22.59775656039772	0.0	-3.140588	3.8789351	22.800701		
0	1	100.5240047746338	3.4903312	-899.8855	-22.62275327019585	0.0	0.07910465534098307	100.5240047746338	22.62275327019589	0.0	22.62275327019589	0.0	-3.1408985	3.8786392	22.713995		
0	1	100.6240047793835	3490.3312	-899.82635	-22.64774948747423	0.0	0.07919189973239475	100.6240047793835	22.64774948747427	0.0	22.64774948747427	0.0	-3.140692	3.8788941	22.713995		
0	1	100.7240047841333	3.4901736	-899.86578	-22.6727458142768	0.0	0.07927914425048828	100.7240047841333	22.67274581427684	0.0	22.67274581427684	0.0	-3.1406877	3.8785491	22.808584		
0	1	100.824004788883	3.4902918	-899.8855	-22.69774213016086	0.0	0.0793663883759223	100.824004788883	22.6977421301609	0.0	22.6977421301609	0.0	-3.1408629	3.8785956	22.595758		
0	1	100.9240047936328	3.4901342	-899.8855	-22.72273825995551	0.0	0.07945363183227538	100.9240047936328	22.72273825995555	0.0	22.72273825995555	0.0	-3.1407211	3.8784204	22.808584		
0	1	101.0240047983825	3.4902525	-899.74762	-22.74773463060167	0.0	0.07954087545884875	101.0240047983825	22.74773463060171	0.0	22.74773463060171	0.0	-3.1403463	3.8791461	22.698229		
0	1	101.1240048031323	3.4902129	-899.86578	-22.77273107771132	0.0	0.07962811919447157	101.1240048031323	22.77273107771136	0.0	22.77273107771136	0.0	-3.1407232	3.8785927	22.769171		
0	1	101.224004807882	3490.2918	-899.86578	-22.79772783131917	0.0	0.07971536405897352	101.224004807882	22.79772783131921	0.0	22.79772783131921	0.0	-3.1407943	3.8786805	22.50905		
0	1	101.3240048126318	3.4901736	-900.00372	-22.82272440999349	0.0	0.07980260744656033	101.3240048126318	22.82272440999353	0.0	22.82272440999353	0.0	-3.1411693	3.8779545	22.926821		
0	1	101.4240048173815	3.4902129	-899.8855	-22.84772103217231	0.0	0.07988985084757487	101.4240048173815	22.84772103217234	0.0	22.84772103217234	0.0	-3.1407919	3.8785079	22.911055		
0	1	101.5240048221312	3.4901342	-899.94458	-22.87271793891059	0.0	0.07997709465115017	101.5240048221312	22.87271793891063	0.0	22.87271793891063	0.0	-3.1409273	3.8781657	22.769171		
0	1	101.624004826881	3.4902129	-899.84613	-22.8977145827908	0.0	0.08006433737860785	101.624004826881	22.89771458279083	0.0	22.89771458279083	0.0	-3.1406546	3.8786774	22.650936		
0	1	101.7240048316307	3.4901342	-899.82635	-22.92271085486518	0.0	0.08015157865207248	101.7240048316307	22.92271085486522	0.0	22.92271085486522	0.0	-3.1405149	3.8786752	22.966232		
0	1	101.8240048363805	3.4901342	-899.92493	-22.94770729109023	0.0	0.08023882039984809	101.8240048363805	22.94770729109026	0.0	22.94770729109026	0.0	-3.1408589	3.8782504	22.777052		
0	1	101.9240048411302	3.4901736	-899.90515	-22.97270416483561	0.0	0.08032606318196614	101.9240048411302	22.97270416483564	0.0	22.97270416483564	0.0	-3.1408253	3.8783793	22.950466		
0	1	102.02400484588	3.4901736	-899.90515	-22.99770040388319	0.0	0.08041330392645941	102.02400484588	22.99770040388323	0.0	22.99770040388323	0.0	-3.1408253	3.8783793	22.86376		
0	1	102.1240048506297	3.4901736	-899.82635	-23.02269709150526	0.0	0.08050054550808376	102.1240048506297	23.0226970915053	0.0	23.0226970915053	0.0	-3.1405501	3.8787191	22.73764		
0	1	102.2240048553795	3.4900949	-899.76733	-23.04769334170871	0.0	0.0805877851703559	102.2240048553795	23.04769334170875	0.0	23.04769334170875	0.0	-3.1402733	3.878886	22.855877		
0	1	102.3240048601292	3.4900949	-899.96429	-23.07268983235677	0.0	0.08067502508056641	102.3240048601292	23.0726898323568	0.0	23.0726898323568	0.0	-3.1409607	3.878037	22.745523		
0	1	102.424004864879	3.4900556	-899.84613	-23.09768611524794	0.0	0.08076226424709744	102.424004864879	23.09768611524797	0.0	23.09768611524797	0.0	-3.1405129	3.8785026	22.753407		
0	1	102.5240048696287	3.4900556	-899.8067	-23.12268317521837	0.0	0.08084950586927626	102.5240048696287	23.1226831752184	0.0	23.1226831752184	0.0	-3.1403754	3.8786726	22.690348		
0	1	102.6240048743784	3490.0949	-899.86578	-23.1476796222602	0.0	0.08093674501803928	102.6240048743784	23.14767962226023	0.0	23.14767962226023	0.0	-3.1406169	3.8784616	22.824348		
0	1	102.7240048791282	3.4900162	-899.82635	-23.17267605845133	0.0	0.08102398330186632	102.7240048791282	23.17267605845137	0.0	23.17267605845137	0.0	-3.1404085	3.8785441	22.855877		
0	1	102.8240048838779	3.4900162	-899.86578	-23.1976721444024	0.0	0.0811112206395128	102.8240048838779	23.19767214440243	0.0	23.19767214440243	0.0	-3.1405461	3.8783741	22.643053		
0	1	102.9240048886277	3.4900162	-899.78699	-23.22266823031955	0.0	0.08119845778021918	102.9240048886277	23.22266823031958	0.0	23.22266823031958	0.0	-3.1402712	3.8787138	22.855877		
0	1	103.0240048933774	3.4900556	-899.84613	-23.2476646991645	0.0	0.08128569594116211	103.0240048933774	23.24766469916453	0.0	23.24766469916453	0.0	-3.1405129	3.8785026	22.942583		
0	1	103.1240048981272	3489.9766	-899.84613	-23.27266092749701	0.0	0.08137293247490777	103.1240048981272	23.27266092749705	0.0	23.27266092749705	0.0	-3.1404419	3.8784149	22.729759		
0	1	103.2240049028769	3.4898193	-899.8067	-23.29765756049262	0.0	0.08146016955485026	103.2240049028769	23.29765756049265	0.0	23.29765756049265	0.0	-3.1401627	3.8784099	22.63517		
0	1	103.3240049076267	3.4899766	-899.8855	-23.32265432478163	0.0	0.08154740756618924	103.3240049076267	23.32265432478166	0.0	23.32265432478166	0.0	-3.1405795	3.8782454	22.682465		
0	1	103.4240049123764	3.4900162	-899.92493	-23.34765124260796	0.0	0.08163464554239909	103.4240049123764	23.347651242608	0.0	23.347651242608	0.0	-3.1407526	3.8781192	22.713995		
0	1	103.5240049171261	3.4899766	-899.86578	-23.37264781029595	0.0	0.08172188206000434	103.5240049171261	23.37264781029598	0.0	23.37264781029598	0.0	-3.1405106	3.8783302	22.792818		
0	1	103.6240049218759	3.4899766	-899.84613	-23.3976448155721	0.0	0.08180911998697916	103.6240049218759	23.39764481557214	0.0	23.39764481557214	0.0	-3.1404419	3.8784149	22.666698		
0	1	103.7240049266256	3.4899766	-899.96429	-23.42264129543728	0.0	0.0818963561585829	103.7240049266256	23.42264129543732	0.0	23.42264129543732	0.0	-3.1408544	3.8779056	22.784935		
0	1	103.8240049313754	3.489898	-899.84613	-23.44763725009494	0.0	0.0819835901828342	103.8240049313754	23.44763725009498	0.0	23.44763725009498	0.0	-3.1403711	3.8783274	22.871643		
0	1	103.9240049361251	3.4898586	-899.82635	-23.47263321567112	0.0	0.08207082375257704	103.9240049361251	23.47263321567115	0.0	23.47263321567115	0.0	-3.1402667	3.8783691	22.76129		
0	1	104.0240049408749	3.4899373	-899.8855	-23.49762924709744	0.0	0.08215805715915256	104.0240049408749	23.49762924709747	0.0	23.49762924709747	0.0	-3.1405439	3.8782015	22.816465		
0	1	104.1240049456246	3.4899373	-899.82635	-23.5226255299547	0.0	0.08224529114759657	104.1240049456246	23.52262552995473	0.0	23.52262552995473	0.0	-3.1403375	3.8784564	22.745523		
0	1	104.2240049503744	3489.9372999999996	-899.8067	-23.547621769104	0.0	0.08233252502346462	104.2240049503744	23.54762176910404	0.0	23.54762176910404	0.0	-3.140269	3.8785412	22.729759		
0	1	104.3240049551241	3.4898193	-899.96429	-23.57261828196208	0.0	0.08241975934299045	104.3240049551241	23.57261828196211	0.0	23.57261828196211	0.0	-3.1407127	3.8777308	22.666698		
0	1	104.4240049598739	3.4898193	-899.74762	-23.59761469614665	0.0	0.08250699278727214	104.4240049598739	23.59761469614668	0.0	23.59761469614668	0.0	-3.1399567	3.8786647	22.903172		
0	1	104.5240049646236	3489.7799	-900.02338	-23.62261112121582	0.0	0.08259422601372612	104.5240049646236	23.62261112121585	0.0	23.62261112121585	0.0	-3.1408834	3.8774326	22.729759		
0	1	104.6240049693733	3.4899373	-899.84613	-23.64760768880208	0.0	0.08268145942233615	104.6240049693733	23.64760768880212	0.0	23.64760768880212	0.0	-3.1404066	3.8783712	22.682465		
0	1	104.7240049741231	3.4897799	-899.82635	-23.67260404822456	0.0	0.08276869198662652	104.7240049741231	23.67260404822459	0.0	23.67260404822459	0.0	-3.1401961	3.8782816	22.674582		
0	1	104.8240049788728	3.4897799	-899.92493	-23.69760000288221	0.0	0.08285592276367187	104.8240049788728	23.69760000288225	0.0	23.69760000288225	0.0	-3.1405399	3.8778567	22.792818		
0	1	104.9240049836226	3.489701	-899.8855	-23.7225962310791	0.0	0.0829431541809082	104.9240049836226	23.72259623107914	0.0	23.72259623107914	0.0	-3.1403313	3.877939	22.86376		
0	1	105.0240049883723	3.4897404	-899.86578	-23.74759259050157	0.0	0.08303038528686524	105.0240049883723	23.74759259050161	0.0	23.74759259050161	0.0	-3.1402979	3.8780677	22.666698		
0	1	105.1240049931221	3.4897404	-899.90515	-23.77258892818875	0.0	0.08311761649454752	105.1240049931221	23.77258892818878	0.0	23.77258892818878	0.0	-3.1404352	3.877898	22.666698		
0	1	105.2240049978718	3.4897404	-899.90515	-23.79758515628391	0.0	0.08320484698513454	105.2240049978718	23.79758515628394	0.0	23.79758515628394	0.0	-3.1404352	3.877898	22.650936		
0	1	105.3240050026216	3.489701	-899.90515	-23.82258132982042	0.0	0.08329207671373155	105.3240050026216	23.82258132982046	0.0	23.82258132982046	0.0	-3.1403999	3.8778543	22.690348		
0	1	105.4240050073713	3489.6224	-899.8855	-23.84757801774767	0.0	0.08337930798095704	105.4240050073713	23.8475780177477	0.0	23.8475780177477	0.0	-3.1402605	3.8778515	22.73764		
0	1	105.5240050121211	3.4897404	-899.96429	-23.87257482591417	0.0	0.08346653962863498	105.5240050121211	23.8725748259142	0.0	23.8725748259142	0.0	-3.1406417	3.8776431	22.713995		
0	1	105.6240050168708	3.489701	-899.8855	-23.89757141516791	0.0	0.08355377031589084	105.6240050168708	23.89757141516795	0.0	23.89757141516795	0.0	-3.1403313	3.877939	22.76129		
0	1	105.7240050216205	3.4897404	-899.82635	-23.92256790612115	0.0	0.0836410001675076	105.7240050216205	23.92256790612118	0.0	23.92256790612118	0.0	-3.1401603	3.8782375	22.847996		
0	1	105.8240050263703	3.4896617	-899.8067	-23.94756452816434	0.0	0.08372823043741862	105.8240050263703	23.94756452816437	0.0	23.94756452816437	0.0	-3.1400211	3.8782349	22.682465		
0	1	105.92400503112	3.489583	-899.8855	-23.97256070170085	0.0	0.08381545874864366	105.92400503112	23.97256070170088	0.0	23.97256070170088	0.0	-3.1402252	3.8778079	22.879524		
0	1	106.0240050358698	3.4896224	-899.84613	-23.99755721452501	0.0	0.08390268794908312	106.0240050358698	23.99755721452504	0.0	23.99755721452504	0.0	-3.1401231	3.8780212	22.800701		
0	1	106.1240050406195	3.489583	-899.86578	-24.02255350830078	0.0	0.08398991597181532	106.1240050406195	24.02255350830081	0.0	24.02255350830081	0.0	-3.1401563	3.8778927	22.879524		
0	1	106.2240050453693	3.4896224	-899.8067	-24.04754997738308	0.0	0.08407714409450955	106.2240050453693	24.04754997738312	0.0	24.04754997738312	0.0	-3.1399856	3.8781912	22.966232		
0	1	106.324005050119	3.4896224	-899.94458	-24.07254676374647	0.0	0.0841643730685764	106.324005050119	24.07254676374651	0.0	24.07254676374651	0.0	-3.1404667	3.8775969	22.721876		
0	1	106.4240050548688	3.489583	-899.8855	-24.09754359398736	0.0	0.08425160184149848	106.4240050548688	24.09754359398739	0.0	24.09754359398739	0.0	-3.1402252	3.8778079	22.784935		
0	1	106.5240050596185	3.4895437	-899.98395	-24.12254034742567	0.0	0.0843388299734158	106.5240050596185	24.1225403474257	0.0	24.1225403474257	0.0	-3.1405332	3.8773398	22.650936		
0	1	106.6240050643682	3489.5041		-24.14753691484239	0.0	0.08442605733710395	106.6240050643682	24.14753691484242	0.0	24.14753691484242	0.0	-3.1402917	3.8775501	22.745523		
0	1	106.724005069118	3.4894648	-899.8067	-24.17253308844672	0.0	0.08451328275553385	106.724005069118	24.17253308844675	0.0	24.17253308844675	0.0	-3.1398437	3.878016	22.63517		
0	1	106.8240050738677	3.4896224	-899.96429	-24.19752979810927	0.0	0.08460051047824436	106.8240050738677	24.19752979810929	0.0	24.19752979810929	0.0	-3.1405356	3.877512	22.745523		
0	1	106.9240050786175	3489.3467	-899.94458	-24.22252652977837	0.0	0.08468773750895182	106.9240050786175	24.2225265297784	0.0	24.2225265297784	0.0	-3.1402187	3.8772907	22.753407		
0	1	107.0240050833672	3.4894648	-899.8067	-24.24752277981228	0.0	0.0847749627996148	107.0240050833672	24.24752277981231	0.0	24.24752277981231	0.0	-3.1398437	3.878016	22.666698		
0	1	107.124005088117	3.4894648	-899.86578	-24.27251934709337	0.0	0.08486218860690646	107.124005088117	24.2725193470934	0.0	24.2725193470934	0.0	-3.1400499	3.8777614	22.713995		
0	1	107.2240050928667	3.4894648	-899.84613	-24.29751563008626	0.0	0.0849494129292806	107.2240050928667	24.29751563008629	0.0	24.29751563008629	0.0	-3.1399813	3.877846	22.895288		
0	1	107.3240050976165	3489.5041	-899.74762	-24.32251189117432	0.0	0.0850366369390191	107.3240050976165	24.32251189117434	0.0	24.32251189117434	0.0	-3.139673	3.8783143	22.800701		
0	1	107.4240051023662	3.4894254	-899.8855	-24.34750774742974	0.0	0.08512385906385633	107.4240051023662	24.34750774742977	0.0	24.34750774742977	0.0	-3.1400833	3.8776326	22.784935		
0	1	107.524005107116	3.4894648	-899.86578	-24.37250445712619	0.0	0.08521108402859158	107.524005107116	24.37250445712622	0.0	24.37250445712622	0.0	-3.1400499	3.8777614	22.808584		
0	1	107.6240051118657	3.4894254	-899.90515	-24.39750086049398	0.0	0.08529830794392904	107.6240051118657	24.397500860494	0.0	24.397500860494	0.0	-3.140152	3.877548	22.627287		
0	1	107.7240051166154	3.4893467	-899.90515	-24.42249763587104	0.0	0.08538553221299913	107.7240051166154	24.42249763587106	0.0	24.42249763587106	0.0	-3.1400812	3.8774605	22.493286		
0	1	107.8240051213652	3489.3467	-899.94458	-24.44749424709744	0.0	0.08547275632283528	107.8240051213652	24.44749424709746	0.0	24.44749424709746	0.0	-3.1402187	3.8772907	22.816465		
0	1	107.9240051261149	3.4895041	-899.8067	-24.47249052998861	0.0	0.08555997869669596	107.9240051261149	24.47249052998863	0.0	24.47249052998863	0.0	-3.1398792	3.8780596	22.73764		
0	1	108.0240051308647	3.4894254	-899.8067	-24.49748700985379	0.0	0.08564720191514757	108.0240051308647	24.49748700985381	0.0	24.49748700985381	0.0	-3.1398084	3.8779724	22.73764		
0	1	108.1240051356144	3.4894648	-899.84613	-24.52248293165419	0.0	0.08573442293063693	108.1240051356144	24.52248293165421	0.0	24.52248293165421	0.0	-3.1399813	3.877846	22.76129		
0	1	108.2240051403642	3489.4254	-899.86578	-24.547479181722	0.0	0.08582164420667861	108.2240051403642	24.54747918172203	0.0	24.54747918172203	0.0	-3.1400146	3.8777177	22.73764		
0	1	108.3240051451139	3.4893074	-899.84613	-24.57247532260471	0.0	0.08590886535685222	108.3240051451139	24.57247532260473	0.0	24.57247532260473	0.0	-3.1398396	3.8776712	22.997761		
0	1	108.4240051498637	3.4893467	-899.90515	-24.59747184634739	0.0	0.08599608691826714	108.4240051498637	24.5974718463474	0.0	24.5974718463474	0.0	-3.1400812	3.8774605	22.745523		
0	1	108.5240051546134	3.4893467	-899.86578	-24.6224678008355	0.0	0.08608330639485677	108.5240051546134	24.62246780083552	0.0	24.62246780083552	0.0	-3.1399438	3.8776302	22.729759		
0	1	108.6240051593632	3.4893074	-899.84613	-24.64746418226454	0.0	0.0861705269672309	108.6240051593632	24.64746418226456	0.0	24.64746418226456	0.0	-3.1398396	3.8776712	22.918938		
0	1	108.7240051641129	3.4893467	-899.98395	-24.67246024631076	0.0	0.08625774633395725	108.7240051641129	24.67246024631078	0.0	24.67246024631078	0.0	-3.1403561	3.877121	22.800701		
0	1	108.8240051688626	3489.2678	-899.86578	-24.69745674808078	0.0	0.0863449668729655	108.8240051688626	24.6974567480808	0.0	24.6974567480808	0.0	-3.1398728	3.8775425	22.540581		
0	1	108.9240051736124	3.4893467	-899.86578	-24.72245315134684	0.0	0.08643218702894423	108.9240051736124	24.72245315134686	0.0	24.72245315134686	0.0	-3.1399438	3.8776302	22.911055		
0	1	109.0240051783621	3.4892678	-899.82635	-24.7474497406684	0.0	0.0865194070856391	109.0240051783621	24.74744974066842	0.0	24.74744974066842	0.0	-3.1397352	3.8777125	22.729759		
0	1	109.1240051831119	3489.3074	-899.8855	-24.7724459906684	0.0	0.08660662568183052	109.1240051831119	24.77244599066842	0.0	24.77244599066842	0.0	-3.1399772	3.8775015	22.706112		
0	1	109.2240051878616	3489.2678	-899.86578	-24.79744243767632	0.0	0.08669384494628907	109.2240051878616	24.79744243767635	0.0	24.79744243767635	0.0	-3.1398728	3.8775425	22.698229		
0	1	109.3240051926114	3489.3074	-899.82635	-24.82243899424235	0.0	0.08678106429741754	109.3240051926114	24.82243899424237	0.0	24.82243899424237	0.0	-3.1397707	3.8777564	22.721876		
0	1	109.4240051973611	3.4892678	-899.74762	-24.84743522250705	0.0	0.08686828193196615	109.4240051973611	24.84743522250707	0.0	24.84743522250707	0.0	-3.1394603	3.8780518	22.800701		
0	1	109.5240052021109	3489.1891	-899.8855	-24.87243162563748	0.0	0.08695549950764973	109.5240052021109	24.8724316256375	0.0	24.8724316256375	0.0	-3.1398706	3.8773701	22.643053		
0	1	109.6240052068606	3.4891498	-899.86578	-24.8974276023017	0.0	0.08704271577148437	109.6240052068606	24.89742760230173	0.0	24.89742760230173	0.0	-3.1397665	3.8774114	22.698229		
0	1	109.7240052116103	3.4891891	-899.82635	-24.92242411495632	0.0	0.08712993353217231	109.7240052116103	24.92242411495635	0.0	24.92242411495635	0.0	-3.1396644	3.877625	22.808584		
0	1	109.8240052163601	3.4891498	-899.90515	-24.94742041982015	0.0	0.08721715031155057	109.8240052163601	24.94742041982017	0.0	24.94742041982017	0.0	-3.1399038	3.8772418	22.674582		
0	1	109.9240052211098	3.4891891	-899.8067	-24.9724166700236	0.0	0.0873043667034234	109.9240052211098	24.97241667002362	0.0	24.97241667002362	0.0	-3.1395957	3.8777096	22.658817		
0	1	110.0240052258596	3.4892285	-899.8855	-24.9974132703654	0.0	0.08739158343139648	110.0240052258596	24.99741327036542	0.0	24.99741327036542	0.0	-3.1399062	3.8774137	22.627287		
0	1	110.1240052306093	3.4891498	-899.94458	-25.02240985978868	0.0	0.0874788002983941	110.1240052306093	25.0224098597887	0.0	25.0224098597887	0.0	-3.1400414	3.8770719	22.706112		
0	1	110.2240052353591	3.4891498	-899.86578	-25.04740645999485	0.0	0.08756601682942708	110.2240052353591	25.04740645999486	0.0	25.04740645999486	0.0	-3.1397665	3.8774114	22.792818		
0	1	110.3240052401088	3.4890709	-899.90515	-25.07240306020101	0.0	0.08765323306437174	110.3240052401088	25.07240306020103	0.0	25.07240306020103	0.0	-3.139833	3.8771541	22.792818		
0	1	110.4240052448586	3.4891498	-899.86578	-25.0973994744534	0.0	0.08774044784342448	110.4240052448586	25.09739947445341	0.0	25.09739947445341	0.0	-3.1397665	3.8774114	22.769171		
0	1	110.5240052496083	3.4891105	-899.74762	-25.12239600901286	0.0	0.08782766357381185	110.5240052496083	25.12239600901288	0.0	25.12239600901288	0.0	-3.1393189	3.8778768	22.911055		
0	1	110.6240052543581	3.4891498	-899.82635	-25.14739251081679	0.0	0.08791487871717665	110.6240052543581	25.1473925108168	0.0	25.1473925108168	0.0	-3.1396289	3.8775814	22.950466		
0	1	110.7240052591078	3.4891891	-899.82635	-25.17238843271891	0.0	0.08800209148220486	110.7240052591078	25.17238843271893	0.0	25.17238843271893	0.0	-3.1396644	3.877625	22.840113		
0	1	110.8240052638575	3.4890709	-899.86578	-25.19738446407742	0.0	0.08808930431355794	110.8240052638575	25.19738446407744	0.0	25.19738446407744	0.0	-3.1396954	3.8773236	22.989878		
0	1	110.9240052686073	3.4889529	-899.90515	-25.22238084547255	0.0	0.08817651781561957	110.9240052686073	25.22238084547256	0.0	25.22238084547256	0.0	-3.1397266	3.877023	22.871643		
0	1	111.024005273357	3489.0709		-25.24737699700249	0.0	0.08826373031846788	111.024005273357	25.24737699700251	0.0	25.24737699700251	0.0	-3.1394205	3.8776631	22.840113		
0	1	111.1240052781068	3.4889529	-899.84613	-25.27237327985975	0.0	0.08835094276719835	111.1240052781068	25.27237327985977	0.0	25.27237327985977	0.0	-3.1395206	3.8772771	22.83223		
0	1	111.2240052828565	3.4890709	-899.84613	-25.29736952992757	0.0	0.08843815502319335	111.2240052828565	25.29736952992759	0.0	25.29736952992759	0.0	-3.139627	3.8774083	22.698229		
0	1	111.3240052876063	3.4891105	-899.86578	-25.32236604258219	0.0	0.08852536811631945	111.3240052876063	25.32236604258221	0.0	25.32236604258221	0.0	-3.1397312	3.8773677	22.698229		
0	1	111.424005292356	3.4890316	-899.92493	-25.34736248955621	0.0	0.08861258082411025	111.424005292356	25.34736248955622	0.0	25.34736248955622	0.0	-3.1398664	3.8770251	22.871643		
0	1	111.5240052971058	3.4889922	-899.90515	-25.37235889292399	0.0	0.08869979229682075	111.5240052971058	25.372358892924	0.0	25.372358892924	0.0	-3.1397622	3.8770666	22.73764		
0	1	111.6240053018555	3.4890316	-899.8855	-25.39735539476183	0.0	0.0887870043882921	111.6240053018555	25.39735539476184	0.0	25.39735539476184	0.0	-3.1397288	3.8771949	22.753407		
0	1	111.7240053066053	3.4890316	-899.8855	-25.4223519184706	0.0	0.08887421626193577	111.7240053066053	25.42235191847061	0.0	25.42235191847061	0.0	-3.1397288	3.8771949	22.792818		
0	1	111.824005311355	3.4889529	-899.90515	-25.44734828894721	0.0	0.08896142708835178	111.824005311355	25.44734828894723	0.0	25.44734828894723	0.0	-3.1397266	3.877023	22.808584		
0	1	111.9240053161047	3.4889529	-899.90515	-25.47234488918728	0.0	0.08904863828382704	111.9240053161047	25.4723448891873	0.0	25.4723448891873	0.0	-3.1397266	3.877023	22.83223		
0	1	112.0240053208545	3.4888346	-899.84613	-25.49734118299696	0.0	0.0891358482325575	112.0240053208545	25.49734118299698	0.0	25.49734118299698	0.0	-3.1394143	3.8771458	22.926821		
0	1	112.1240053256042	3.4887953	-899.8855	-25.5223376083374	0.0	0.0892230584632704	112.1240053256042	25.52233760833742	0.0	25.52233760833742	0.0	-3.1395164	3.8769324	22.847996		
0	1	112.224005330354	3.4888742	-899.8855	-25.54733443844265	0.0	0.08931026975260417	112.224005330354	25.54733443844267	0.0	25.54733443844267	0.0	-3.1395874	3.8770201	22.745523		
0	1	112.3240053351037	3.4889135	-899.82635	-25.5723304695638	0.0	0.08939747825371636	112.3240053351037	25.57233046956382	0.0	25.57233046956382	0.0	-3.1394165	3.8773186	22.769171		
0	1	112.4240053398535	3.4888742	-899.8855	-25.59732682915581	0.0	0.0894846874871148	112.4240053398535	25.59732682915583	0.0	25.59732682915583	0.0	-3.1395874	3.8770201	22.619404		
0	1	112.5240053446032	3.4888742	-899.82635	-25.62232325436062	0.0	0.08957189647650825	112.5240053446032	25.62232325436064	0.0	25.62232325436064	0.0	-3.1393809	3.877275	22.808584		
0	1	112.624005349353	3.4888346	-899.82635	-25.64731965755886	0.0	0.0896591056254069	112.624005349353	25.64731965755888	0.0	25.64731965755888	0.0	-3.1393454	3.8772309	22.86376		
0	1	112.7240053541027	3.4888742	-899.92493	-25.6723159842258	0.0	0.08974631403374567	112.7240053541027	25.67231598422581	0.0	25.67231598422581	0.0	-3.139725	3.8768504	22.769171		
0	1	112.8240053588524	3.4889135	-899.8855	-25.69731244225396	0.0	0.0898335220735677	112.8240053588524	25.69731244225397	0.0	25.69731244225397	0.0	-3.1396227	3.8770638	22.73764		
0	1	112.9240053636022	3.4887953	-899.90515	-25.72230875786675	0.0	0.08992072953762478	112.9240053636022	25.72230875786677	0.0	25.72230875786677	0.0	-3.1395848	3.8768477	22.840113		
0	1	113.0240053683519	3.4887953	-899.94458	-25.74730511745877	0.0	0.09000793658501519	113.0240053683519	25.74730511745878	0.0	25.74730511745878	0.0	-3.1397223	3.876678	22.997761		
0	1	113.1240053731017	3488.7559		-25.77230147681342	0.0	0.09009514388753256	113.1240053731017	25.77230147681344	0.0	25.77230147681344	0.0	-3.1393435	3.8770583	22.674582		
0	1	113.2240053778514	3488.7559	-899.94458	-25.79729809909397	0.0	0.09018235157565646	113.2240053778514	25.79729809909398	0.0	25.79729809909398	0.0	-3.1396871	3.8766341	22.871643		
0	1	113.3240053826012	3.4887166	-899.90515	-25.82229426161024	0.0	0.09026955710910373	113.3240053826012	25.82229426161026	0.0	25.82229426161026	0.0	-3.139514	3.8767602	22.808584		
0	1	113.4240053873509	3.4887953	-899.82635	-25.84729065409342	0.0	0.09035676358262804	113.4240053873509	25.84729065409344	0.0	25.84729065409344	0.0	-3.1393099	3.8771873	22.871643		
0	1	113.5240053921007	3.4888346	-899.96429	-25.87228724331326	0.0	0.0904439701715766	113.5240053921007	25.87228724331327	0.0	25.87228724331327	0.0	-3.1398265	3.8766367	22.887407		
0	1	113.6240053968504	3.4887166	-899.86578	-25.89728397484673	0.0	0.09053117690294052	113.6240053968504	25.89728397484675	0.0	25.89728397484675	0.0	-3.1393766	3.87693	22.855877		
0	1	113.7240054016002	3.4886773	-899.8067	-25.92228000617133	0.0	0.09061838052300349	113.7240054016002	25.92228000617135	0.0	25.92228000617135	0.0	-3.1391351	3.8771408	22.698229		
0	1	113.8240054063499	3.4886773	-899.8855	-25.94727617974175	0.0	0.09070558467827693	113.8240054063499	25.94727617974177	0.0	25.94727617974177	0.0	-3.13941	3.8768013	22.792818		
0	1	113.9240054110996	3.4887166	-899.8067	-25.97227210147434	0.0	0.09079278726657444	113.9240054110996	25.97227210147435	0.0	25.97227210147435	0.0	-3.1391706	3.8771844	22.840113		
0	1	114.0240054158494	3.4885983	-899.82635	-25.99726842837864	0.0	0.09087999107082792	114.0240054158494	25.99726842837865	0.0	25.99726842837865	0.0	-3.1391327	3.8769684	22.934702		
0	1	114.1240054205991	3.4885983	-899.8067	-26.02226456905789	0.0	0.09096719395019531	114.1240054205991	26.0222645690579	0.0	26.0222645690579	0.0	-3.1390641	3.877053	22.808584		
0	1	114.2240054253489	3.4886773	-899.84613	-26.04726046895345	0.0	0.09105439569444444	114.2240054253489	26.04726046895346	0.0	26.04726046895346	0.0	-3.1392727	3.876971	22.86376		
0	1	114.3240054300986	3.4886379	-899.8067	-26.07225672977023	0.0	0.0911415983818902	114.3240054300986	26.07225672977025	0.0	26.07225672977025	0.0	-3.1390998	3.8770971	22.800701		
0	1	114.4240054348484	3488.7166	-899.8855	-26.09725338484022	0.0	0.0912288024654134	114.4240054348484	26.09725338484024	0.0	26.09725338484024	0.0	-3.1394455	3.8768451	22.729759		
0	1	114.5240054395981	3.488559	-899.94458	-26.12224982086182	0.0	0.09131600527235242	114.5240054395981	26.12224982086183	0.0	26.12224982086183	0.0	-3.1395097	3.8764155	22.824348		
0	1	114.6240054443479	3.4885983	-899.8855	-26.14724625712077	0.0	0.09140320784369577	114.6240054443479	26.14724625712078	0.0	26.14724625712078	0.0	-3.139339	3.8767135	22.879524		
0	1	114.7240054490976	3.4885983	-899.86578	-26.17224308725993	0.0	0.0914904115532769	114.7240054490976	26.17224308725994	0.0	26.17224308725994	0.0	-3.1392703	3.8767986	23.115997		
0	1	114.8240054538473	3.4885197	-899.84613	-26.19723932647705	0.0	0.09157761231445312	114.8240054538473	26.19723932647706	0.0	26.19723932647706	0.0	-3.1391308	3.8767958	22.86376		
0	1	114.9240054585971	3.4885197	-899.90515	-26.22223558753119	0.0	0.09166481397962782	114.9240054585971	26.22223558753121	0.0	26.22223558753121	0.0	-3.1393368	3.8765416	22.73764		
0	1	115.0240054633468	3.488559	-899.90515	-26.24723207814534	0.0	0.09175201530314128	115.0240054633468	26.24723207814536	0.0	26.24723207814536	0.0	-3.1393721	3.8765852	22.800701		
0	1	115.1240054680966	3.488559	-899.86578	-26.27222841600206	0.0	0.09183921601548936	115.1240054680966	26.27222841600208	0.0	26.27222841600208	0.0	-3.1392348	3.8767548	23.029291		
0	1	115.2240054728463	3.4884803	-899.82635	-26.29722453464084	0.0	0.09192641586439344	115.2240054728463	26.29722453464086	0.0	26.29722453464086	0.0	-3.1390266	3.8768373	22.895288		
0	1	115.3240054775961	3.488559	-899.84613	-26.32222093797472	0.0	0.09201361654920788	115.3240054775961	26.32222093797473	0.0	26.32222093797473	0.0	-3.1391664	3.8768394	22.800701		
0	1	115.4240054823458	3.488441	-899.86578	-26.34721739593506	0.0	0.09210081728664822	115.4240054823458	26.34721739593508	0.0	26.34721739593508	0.0	-3.1391287	3.8766236	22.934702		
0	1	115.5240054870956	3.488441	-899.90515	-26.37221396328396	0.0	0.09218801750054254	115.5240054870956	26.37221396328398	0.0	26.37221396328398	0.0	-3.139266	3.8764541	22.713995		
0	1	115.6240054918453	3.4885197	-899.78699	-26.39721020250109	0.0	0.09227521629462349	115.6240054918453	26.3972102025011	0.0	26.3972102025011	0.0	-3.1389246	3.8770506	22.895288		
0	1	115.7240054965951	3.4884803	-899.92493	-26.42220676984999	0.0	0.09236241640977648	115.7240054965951	26.42220676985001	0.0	26.42220676985001	0.0	-3.1393704	3.8764126	22.800701		
0	1	115.8240055013448	3.488441	-899.84613	-26.44720274634467	0.0	0.09244961393351236	115.8240055013448	26.44720274634469	0.0	26.44720274634469	0.0	-3.13906	3.8767083	22.777052		
0	1	115.9240055060945	3.488441	-899.86578	-26.47219939056397	0.0	0.09253681325480144	115.9240055060945	26.47219939056398	0.0	26.47219939056398	0.0	-3.1391287	3.8766236	22.682465		
0	1	116.0240055108443	3.488441	-899.86578	-26.49719537801107	0.0	0.0926240102650282	116.0240055108443	26.49719537801109	0.0	26.49719537801109	0.0	-3.1391287	3.8766236	22.777052		
0	1	116.124005515594	3.488441	-899.8855	-26.522191879815	0.0	0.09271120861653646	116.124005515594	26.52219187981501	0.0	26.52219187981501	0.0	-3.1391973	3.8765388	22.808584		
0	1	116.2240055203438	3.4884017	-899.86578	-26.54718857855903	0.0	0.09279840777343748	116.2240055203438	26.54718857855904	0.0	26.54718857855904	0.0	-3.1390934	3.87658	22.784935		
0	1	116.3240055250935	3.488441	-899.82635	-26.5721846097819	0.0	0.0928856040504286	116.3240055250935	26.57218460978192	0.0	26.57218460978192	0.0	-3.1389911	3.8767936	22.903172		
0	1	116.4240055298433	3.4883227	-899.86578	-26.59718082712809	0.0	0.09297280046400282	116.4240055298433	26.59718082712811	0.0	26.59718082712811	0.0	-3.1390224	3.8764923	22.690348		
0	1	116.524005534593	3.4883621	-899.86578	-26.62217726342095	0.0	0.09305999711005317	116.524005534593	26.62217726342097	0.0	26.62217726342097	0.0	-3.1390576	3.8765359	22.840113		
0	1	116.6240055393428	3488.3621	-899.84613	-26.64717382002089	0.0	0.093147194273546	116.6240055393428	26.6471738200209	0.0	26.6471738200209	0.0	-3.1389892	3.8766205	22.816465		
0	1	116.7240055440925	3.4881654	-899.94458	-26.6721700152927	0.0	0.09323438976372612	116.7240055440925	26.67217001529271	0.0	26.67217001529271	0.0	-3.1391556	3.875978	22.777052		
0	1	116.8240055488423	3488.3226999999997	-899.8855	-26.69716632012261	0.0	0.09332158510375976	116.8240055488423	26.69716632012263	0.0	26.69716632012263	0.0	-3.139091	3.8764074	23.013525		
0	1	116.924005553592	3.4883227	-899.82635	-26.72216277815077	0.0	0.09340878064331054	116.924005553592	26.72216277815079	0.0	26.72216277815079	0.0	-3.1388848	3.876662	22.855877		
0	1	117.0240055583417	3.4883621	-899.76733	-26.74715922539605	0.0	0.09349597624376084	117.0240055583417	26.74715922539607	0.0	26.74715922539607	0.0	-3.1387143	3.87696	22.674582		
0	1	117.1240055630915	3.4883621	-899.82635	-26.77215553019206	0.0	0.09358317087524412	117.1240055630915	26.77215553019208	0.0	26.77215553019208	0.0	-3.1389201	3.8767059	22.713995		
0	1	117.2240055678412	3.4882834	-899.82635	-26.79715151767307	0.0	0.09367036382866752	117.2240055678412	26.79715151767309	0.0	26.79715151767309	0.0	-3.1388493	3.8766184	22.918938		
0	1	117.324005572591	3.4882441	-899.90515	-26.82214820560031	0.0	0.09375755918619792	117.324005572591	26.82214820560033	0.0	26.82214820560033	0.0	-3.1390889	3.8762352	22.824348		
0	1	117.4240055773407	3.4883227	-899.82635	-26.84714405076769	0.0	0.09384475134860568	117.4240055773407	26.8471440507677	0.0	26.8471440507677	0.0	-3.1388848	3.876662	22.753407		
0	1	117.5240055820905	3.4882441	-899.86578	-26.87213987416585	0.0	0.09393194227444118	117.5240055820905	26.87213987416587	0.0	26.87213987416587	0.0	-3.1389515	3.8764048	22.981997		
0	1	117.6240055868402	3.4882047	-899.78699	-26.89713618988037	0.0	0.09401913588161892	117.6240055868402	26.89713618988039	0.0	26.89713618988039	0.0	-3.1386411	3.8767006	22.895288		
0	1	117.72400559159	3488.2047	-899.90515	-26.92213250539144	0.0	0.09410632860283746	117.72400559159	26.92213250539146	0.0	26.92213250539146	0.0	-3.1390533	3.8761916	22.784935		
0	1	117.8240055963397	3.4881258	-899.8855	-26.94712883222792	0.0	0.09419352116672092	117.8240055963397	26.94712883222794	0.0	26.94712883222794	0.0	-3.1389139	3.8761885	22.816465		
0	1	117.9240056010894	3.4882441	-899.86578	-26.97212521358914	0.0	0.09428071374294704	117.9240056010894	26.97212521358916	0.0	26.97212521358916	0.0	-3.1389515	3.8764048	22.777052		
0	1	118.0240056058392	3.4882834	-899.92493	-26.99712126668294	0.0	0.09436790507636177	118.0240056058392	26.99712126668296	0.0	26.99712126668296	0.0	-3.1391933	3.8761938	22.855877		
0	1	118.1240056105889	3.4881654	-899.78699	-27.02211769188775	0.0	0.09445509697903104	118.1240056105889	27.02211769188777	0.0	27.02211769188777	0.0	-3.1386058	3.8766568	22.729759		
0	1	118.2240056153387	3.4880471	-899.76733	-27.04711387627496	0.0	0.09454228768825956	118.2240056153387	27.04711387627497	0.0	27.04711387627497	0.0	-3.1384308	3.87661	22.76129		
0	1	118.3240056200884	3.4881654	-899.8855	-27.07211011522081	0.0	0.09462947840915256	118.3240056200884	27.07211011522083	0.0	27.07211011522083	0.0	-3.1389494	3.8762324	22.73764		
0	1	118.4240056248382	3.4881258	-899.86578	-27.09710638729519	0.0	0.09471666885240344	118.4240056248382	27.09710638729521	0.0	27.09710638729521	0.0	-3.138845	3.8762734	22.86376		
0	1	118.5240056295879	3.4880471	-899.82635	-27.12210253875732	0.0	0.0948038586187066	118.5240056295879	27.12210253875734	0.0	27.12210253875734	0.0	-3.1386368	3.8763559	22.816465		
0	1	118.6240056343377	3.4881258	-899.94458	-27.14709904066298	0.0	0.09489104935139972	118.6240056343377	27.147099040663	0.0	27.147099040663	0.0	-3.1391199	3.8759341	22.911055		
0	1	118.7240056390874	3.4880471	-899.96429	-27.17209540022108	0.0	0.09497823946994358	118.7240056390874	27.1720954002211	0.0	27.1720954002211	0.0	-3.139118	3.8757617	22.666698		
0	1	118.8240056438372	3.4881258	-899.94458	-27.19709185835097	0.0	0.09506542938001844	118.8240056438372	27.19709185835099	0.0	27.19709185835099	0.0	-3.1391199	3.8759341	22.73764		
0	1	118.9240056485869	3.4880865	-899.90515	-27.22208838205973	0.0	0.09515261906670464	118.9240056485869	27.22208838205976	0.0	27.22208838205976	0.0	-3.138947	3.87606	22.942583		
0	1	119.0240056533366	3.4881654	-899.92493	-27.24708452263726	0.0	0.09523980802720812	119.0240056533366	27.24708452263728	0.0	27.24708452263728	0.0	-3.139087	3.8760626	22.800701		
0	1	119.1240056580864	3488.0471000000002	-899.94458	-27.27208103546143	0.0	0.095326997164171	119.1240056580864	27.27208103546145	0.0	27.27208103546145	0.0	-3.1390491	3.8758466	22.903172		
0	1	119.2240056628361	3488.0078000000003	-899.90515	-27.2970777013482	0.0	0.09541418679565428	119.2240056628361	27.29707770134822	0.0	27.29707770134822	0.0	-3.1388762	3.8759727	22.824348		
0	1	119.3240056675859	3.4879684	-899.8067	-27.32207419219971	0.0	0.09550137526543512	119.3240056675859	27.32207419219973	0.0	27.32207419219973	0.0	-3.1384974	3.876353	22.895288		
0	1	119.4240056723356	3488.0865	-899.82635	-27.34706998257107	0.0	0.09558856105617948	119.4240056723356	27.34706998257109	0.0	27.34706998257109	0.0	-3.1386721	3.8763995	22.658817		
0	1	119.5240056770854	3.4879291	-899.8855	-27.37206633121067	0.0	0.09567574901082355	119.5240056770854	27.37206633121068	0.0	27.37206633121068	0.0	-3.1387367	3.8759699	22.753407		
0	1	119.6240056818351	3.4880078	-899.76733	-27.39706255933973	0.0	0.09576293577745226	119.6240056818351	27.39706255933975	0.0	27.39706255933975	0.0	-3.1383955	3.8765664	22.918938		
0	1	119.7240056865849	3.4879291	-899.8067	-27.42205855773926	0.0	0.09585012115275066	119.7240056865849	27.42205855773927	0.0	27.42205855773927	0.0	-3.1384621	3.8763094	22.887407		
0	1	119.8240056913346	3.4879291	-899.82635	-27.44705509243435	0.0	0.09593730804456922	119.8240056913346	27.44705509243437	0.0	27.44705509243437	0.0	-3.1385305	3.8762248	22.895288		
0	1	119.9240056960844	3.4878502	-899.76733	-27.47205174750434	0.0	0.09602449537516276	119.9240056960844	27.47205174750436	0.0	27.47205174750436	0.0	-3.1382537	3.8763912	22.86376		
0	1	120.0240057008341	3.4879291	-899.76733	-27.49704770212809	0.0	0.09611168034220376	120.0240057008341	27.49704770212811	0.0	27.49704770212811	0.0	-3.1383247	3.8764789	22.73764		
0	1	120.1240057055838	3.4878895	-899.90515	-27.5220442038642	0.0	0.09619886625189888	120.1240057055838	27.52204420386422	0.0	27.52204420386422	0.0	-3.1387699	3.8758414	23.037174		
0	1	120.2240057103336	3487.8895	-899.78699	-27.54704084798177	0.0	0.09628605230251736	120.2240057103336	27.54704084798179	0.0	27.54704084798179	0.0	-3.1383576	3.8763502	22.840113		
0	1	120.3240057150833	3.4879684	-899.8855	-27.57203721845839	0.0	0.09637323777411567	120.3240057150833	27.57203721845841	0.0	27.57203721845841	0.0	-3.1387722	3.8760135	23.037174		
0	1	120.4240057198331	3.4878502	-899.84613	-27.59703304175483	0.0	0.09646042100206163	120.4240057198331	27.59703304175484	0.0	27.59703304175484	0.0	-3.1385286	3.8760517	22.777052		
0	1	120.5240057245828	3.4878109	-899.84613	-27.62202942314996	0.0	0.09654760513264972	120.5240057245828	27.62202942314997	0.0	27.62202942314997	0.0	-3.1384931	3.876008	22.911055		
0	1	120.6240057293326	3.4877715	-900.00372	-27.64702556365967	0.0	0.09663478852186416	120.6240057293326	27.64702556365968	0.0	27.64702556365968	0.0	-3.1390073	3.8752856	22.887407		
0	1	120.7240057340823	3.4879684	-899.90515	-27.67202226257324	0.0	0.0967219733070204	120.7240057340823	27.67202226257326	0.0	27.67202226257326	0.0	-3.1388407	3.8759289	22.666698		
0	1	120.8240057388321	3.4878109	-899.94458	-27.69701877553304	0.0	0.096809157404107	120.8240057388321	27.69701877553306	0.0	27.69701877553306	0.0	-3.1388364	3.8755841	23.021408		
0	1	120.9240057435818	3.4878502	-899.86578	-27.72201537570529	0.0	0.09689634123372395	120.9240057435818	27.72201537570531	0.0	27.72201537570531	0.0	-3.138597	3.875967	22.86376		
0	1	121.0240057483315	3.4878109	-899.78699	-27.74701149424235	0.0	0.09698352318739148	121.0240057483315	27.74701149424236	0.0	27.74701149424236	0.0	-3.1382868	3.8762629	22.879524		
0	1	121.1240057530813	3.4878109	-899.82635	-27.77200791948107	0.0	0.09707070583658854	121.1240057530813	27.77200791948108	0.0	27.77200791948108	0.0	-3.1384242	3.8760931	22.800701		
0	1	121.224005757831	3.4878109	-899.94458	-27.79700446489122	0.0	0.09715788914103192	121.224005757831	27.79700446489124	0.0	27.79700446489124	0.0	-3.1388364	3.8755841	22.934702		
0	1	121.3240057625808	3.4878502	-899.82635	-27.82200087900798	0.0	0.09724507151557074	121.3240057625808	27.82200087900799	0.0	27.82200087900799	0.0	-3.1384594	3.876137	22.918938		
0	1	121.4240057673305	3.4876926	-899.8855	-27.84699691016303	0.0	0.09733225208265515	121.4240057673305	27.84699691016305	0.0	27.84699691016305	0.0	-3.1385241	3.8757071	22.855877		
0	1	121.5240057720803	3.4877715	-899.84613	-27.87199367462158	0.0	0.09741943441826714	121.5240057720803	27.8719936746216	0.0	27.8719936746216	0.0	-3.1384578	3.8759644	22.974113		
0	1	121.62400577683	3.4876926	-899.86578	-27.89698971669515	0.0	0.0975066146488444	121.62400577683	27.89698971669516	0.0	27.89698971669516	0.0	-3.1384552	3.875792	22.918938		
0	1	121.7240057815798	3487.7715	-899.82635	-27.92198607608371	0.0	0.09759379539496528	121.7240057815798	27.92198607608373	0.0	27.92198607608373	0.0	-3.1383886	3.8760495	22.753407		
0	1	121.8240057863295	3487.7322		-27.94698212921143	0.0	0.09768097519070096	121.8240057863295	27.94698212921144	0.0	27.94698212921144	0.0	-3.1384909	3.8758359	22.784935		
0	1	121.9240057910793	3487.7322	-899.92493	-27.97197844485813	0.0	0.09776815515367296	121.9240057910793	27.97197844485814	0.0	27.97197844485814	0.0	-3.1386971	3.8755813	22.83223		
0	1	122.024005795829	3.4877715	-899.92493	-27.99697483737522	0.0	0.09785533548339843	122.024005795829	27.99697483737523	0.0	27.99697483737523	0.0	-3.1387324	3.8756249	22.879524		
0	1	122.1240058005787	3.4876533	-899.84613	-28.02197124077691	0.0	0.09794251529934352	122.1240058005787	28.02197124077692	0.0	28.02197124077692	0.0	-3.1383512	3.875833	22.698229		
0	1	122.2240058053285	3.4877322	-899.86578	-28.04696743611654	0.0	0.09802969462646484	122.2240058053285	28.04696743611655	0.0	28.04696743611655	0.0	-3.1384909	3.8758359	22.911055		
0	1	122.3240058100782	3.4876533	-899.78699	-28.07196372989231	0.0	0.09811687321302626	122.3240058100782	28.07196372989232	0.0	28.07196372989232	0.0	-3.138145	3.8760877	22.753407		
0	1	122.424005814828	3.4877322	-899.92493	-28.09695972812229	0.0	0.0982040505919054	122.424005814828	28.0969597281223	0.0	28.0969597281223	0.0	-3.1386971	3.8755813	22.721876		
0	1	122.5240058195777	3.4876139	-899.8855	-28.12195653608534	0.0	0.09829123030300564	122.5240058195777	28.12195653608535	0.0	28.12195653608535	0.0	-3.1384532	3.8756196	22.769171		
0	1	122.6240058243275	3.4875352	-899.82635	-28.14695265482585	0.0	0.09837840766940646	122.6240058243275	28.14695265482586	0.0	28.14695265482586	0.0	-3.1381762	3.875787	22.666698		
0	1	122.7240058290772	3487.6139	-899.90515	-28.17194886111789	0.0	0.09846558549845376	122.7240058290772	28.1719488611179	0.0	28.1719488611179	0.0	-3.1385217	3.875535	23.013525		
0	1	122.824005833827	3.4876139	-899.84613	-28.19694506730821	0.0	0.09855276240234374	122.824005833827	28.19694506730822	0.0	28.19694506730822	0.0	-3.1383159	3.8757892	22.808584		
0	1	122.9240058385767	3.4876533	-899.84613	-28.22194172234429	0.0	0.09863994053656684	122.9240058385767	28.2219417223443	0.0	28.2219417223443	0.0	-3.1383512	3.875833	22.60364		
0	1	123.0240058433264	3.4876926	-899.86578	-28.24693816935221	0.0	0.09872711782755532	123.0240058433264	28.24693816935223	0.0	28.24693816935223	0.0	-3.1384552	3.875792	22.713995		
0	1	123.1240058480762	3.4876533	-899.8855	-28.27193498867459	0.0	0.09881429610215928	123.1240058480762	28.2719349886746	0.0	28.2719349886746	0.0	-3.1384885	3.8756633	22.86376		
0	1	123.2240058528259	3.4875746	-899.90515	-28.29693129353841	0.0	0.09890147252346462	123.2240058528259	28.29693129353842	0.0	28.29693129353842	0.0	-3.1384864	3.8754914	22.911055		
0	1	123.3240058575757	3.4874959	-899.86578	-28.32192791568332	0.0	0.09898864936252172	123.3240058575757	28.32192791568334	0.0	28.32192791568334	0.0	-3.1382782	3.8755734	22.879524		
0	1	123.4240058623254	3.4875352	-899.92493	-28.3469248332723	0.0	0.09907582689737957	123.4240058623254	28.34692483327231	0.0	28.34692483327231	0.0	-3.13852	3.8753624	23.076586		
0	1	123.5240058670752	3.4874959	-899.92493	-28.37192119286431	0.0	0.09916300244615343	123.5240058670752	28.37192119286432	0.0	28.37192119286432	0.0	-3.1384845	3.8753188	22.800701		
0	1	123.6240058718249	3.4874563	-899.8855	-28.3969177822876	0.0	0.0992501784035916	123.6240058718249	28.39691778228761	0.0	28.39691778228761	0.0	-3.1383114	3.8754444	22.73764		
0	1	123.7240058765747	3.4873776	-899.8855	-28.42191414177789	0.0	0.09933735344061956	123.7240058765747	28.4219141417779	0.0	28.4219141417779	0.0	-3.1382406	3.8753572	22.753407		
0	1	123.8240058813244	3487.4170000000004	-899.86578	-28.44691082973904	0.0	0.09942452881591796	123.8240058813244	28.44691082973905	0.0	28.44691082973905	0.0	-3.1382072	3.8754857	22.753407		
0	1	123.9240058860742	3.487417	-899.8855	-28.47190718926324	0.0	0.09951170263197157	123.9240058860742	28.47190718926325	0.0	28.47190718926325	0.0	-3.1382759	3.8754008	22.989878		
0	1	124.0240058908239	3.487417	-899.96429	-28.49690383314345	0.0	0.09959887688802084	124.0240058908239	28.49690383314346	0.0	28.49690383314346	0.0	-3.1385508	3.8750615	22.784935		
0	1	124.1240058955736	3.4874959	-899.82635	-28.52190024756538	0.0	0.099686050068495	124.1240058955736	28.52190024756539	0.0	28.52190024756539	0.0	-3.1381407	3.8757432	22.674582		
0	1	124.2240059003234	3.487417	-899.8855	-28.5468969901869	0.0	0.09977322453125	124.2240059003234	28.54689699018692	0.0	28.54689699018692	0.0	-3.1382759	3.8754008	22.879524		
0	1	124.3240059050731	3.487299	-899.94458	-28.57189345909966	0.0	0.09986039735039604	124.3240059050731	28.57189345909968	0.0	28.57189345909968	0.0	-3.1383758	3.8750153	22.855877		
0	1	124.4240059098229	3.4873383	-899.8855	-28.5968895340644	0.0	0.0999475688949924	124.4240059098229	28.59688953406441	0.0	28.59688953406441	0.0	-3.1382051	3.8753133	22.966232		
0	1	124.5240059145726	3.4873776	-899.8855	-28.62188619998508	0.0	0.1000347421065267	124.5240059145726	28.6218861999851	0.0	28.6218861999851	0.0	-3.1382406	3.8753572	22.721876		
0	1	124.6240059193224	3.4873776	-899.8855	-28.64688235148112	0.0	0.1001219137406413	124.6240059193224	28.64688235148114	0.0	28.64688235148114	0.0	-3.1382406	3.8753572	22.942583		
0	1	124.7240059240721	3.4874563	-899.90515	-28.6718787656996	0.0	0.1002090862905545	124.7240059240721	28.67187876569961	0.0	28.67187876569961	0.0	-3.1383798	3.8753598	22.918938		
0	1	124.8240059288219	3.487299	-899.8855	-28.69687528917101	0.0	0.1002962582179091	124.8240059288219	28.69687528917102	0.0	28.69687528917102	0.0	-3.1381698	3.8752697	22.808584		
0	1	124.9240059335716	3487.299	-899.82635	-28.72187116722955	0.0	0.1003834278747559	124.9240059335716	28.72187116722956	0.0	28.72187116722956	0.0	-3.1379635	3.8755243	22.966232		
0	1	125.0240059383214	3.487299	-899.8067	-28.7468676143731	0.0	0.1004705985918511	125.0240059383214	28.74686761437312	0.0	28.74686761437312	0.0	-3.1378949	3.8756089	22.895288		
0	1	125.1240059430711	3.4873383	-899.8855	-28.77186406141493	0.0	0.1005577689149306	125.1240059430711	28.77186406141495	0.0	28.77186406141495	0.0	-3.1382051	3.8753133	22.981997		
0	1	125.2240059478208	3487.3776	-899.94458	-28.7968609242079	0.0	0.1006449408261448	125.2240059478208	28.79686092420791	0.0	28.79686092420791	0.0	-3.1384466	3.8751028	23.076586		
0	1	125.3240059525706	3487.299	-899.84613	-28.82185739308675	0.0	0.1007321116586643	125.3240059525706	28.82185739308677	0.0	28.82185739308677	0.0	-3.1380324	3.8754392	23.06082		
0	1	125.4240059573203	3.487299	-899.96429	-28.84685392771403	0.0	0.1008192819523112	125.4240059573203	28.84685392771404	0.0	28.84685392771404	0.0	-3.1384447	3.8749304	22.800701		
0	1	125.5240059620701	3.48722	-899.84613	-28.87185024353027	0.0	0.1009064512078179	125.5240059620701	28.87185024353029	0.0	28.87185024353029	0.0	-3.1379614	3.8753514	23.021408		
0	1	125.6240059668198	3.487299	-899.90515	-28.89684701866998	0.0	0.1009936211980523	125.6240059668198	28.89684701866999	0.0	28.89684701866999	0.0	-3.1382382	3.875185	22.887407		
0	1	125.7240059715696	3.4872596	-899.92493	-28.92184327955458	0.0	0.1010807899263509	125.7240059715696	28.92184327955459	0.0	28.92184327955459	0.0	-3.1382718	3.8750563	22.800701		
0	1	125.8240059763193	3.4871414	-899.82635	-28.9468394418674	0.0	0.1011679575823296	125.8240059763193	28.94683944186741	0.0	28.94683944186741	0.0	-3.1378217	3.8753493	23.029291		
0	1	125.9240059810691	3.48722	-899.86578	-28.97183544036865	0.0	0.1012551245289442	125.9240059810691	28.97183544036866	0.0	28.97183544036866	0.0	-3.1380301	3.8752668	22.83223		
0	1	126.0240059858188	3.4871414	-899.90515	-28.99683196394179	0.0	0.1013422929717339	126.0240059858188	28.99683196394179	0.0	28.99683196394179	0.0	-3.1380966	3.87501	22.958349		
0	1	126.1240059905685	3.487102	-899.90515	-29.02182841098362	0.0	0.1014294610677083	126.1240059905685	29.02182841098362	0.0	29.02182841098362	0.0	-3.138061	3.8749661	22.682465		
0	1	126.2240059953183	3.4871414	-899.92493	-29.0468251534356	0.0	0.1015166295050727	126.2240059953183	29.04682515343561	0.0	29.04682515343561	0.0	-3.1381655	3.8749247	22.918938		
0	1	126.324006000068	3.48722	-899.8855	-29.07182178666856	0.0	0.1016037975621202	126.324006000068	29.07182178666857	0.0	29.07182178666857	0.0	-3.1380987	3.8751819	22.997761		
0	1	126.4240060048178	3487.1414		-29.0968181789483	0.0	0.1016909645621745	126.4240060048178	29.0968181789483	0.0	29.0968181789483	0.0	-3.1381655	3.8749247	22.777052		
0	1	126.5240060095675	3.4871807	-899.90515	-29.12181484473334	0.0	0.1017781317485894	126.5240060095675	29.12181484473335	0.0	29.12181484473335	0.0	-3.1381319	3.8750536	22.879524		
0	1	126.6240060143173	3.4871414	-899.90515	-29.14681090871175	0.0	0.1018652966784668	126.6240060143173	29.14681090871176	0.0	29.14681090871176	0.0	-3.1380966	3.87501	22.729759		
0	1	126.724006019067	3.4871414	-899.96429	-29.17180722439236	0.0	0.1019524619547526	126.724006019067	29.17180722439237	0.0	29.17180722439237	0.0	-3.1383028	3.8747551	23.013525		
0	1	126.8240060238168	3.4871414	-899.82635	-29.19680347476535	0.0	0.1020396271218533	126.8240060238168	29.19680347476536	0.0	29.19680347476536	0.0	-3.1378217	3.8753493	22.840113		
0	1	126.9240060285665	3.487102	-900.00372	-29.22179999847412	0.0	0.1021267928488498	126.9240060285665	29.22179999847413	0.0	29.22179999847413	0.0	-3.1384048	3.8745418	23.045055		
0	1	127.0240060333163	3.4870234	-899.76733	-29.24679635799832	0.0	0.1022139575701226	127.0240060333163	29.24679635799833	0.0	29.24679635799833	0.0	-3.1375098	3.8754723	22.911055		
0	1	127.124006038066	3.4871414	-899.8855	-29.27179268466526	0.0	0.1023011220000543	127.124006038066	29.27179268466526	0.0	29.27179268466526	0.0	-3.1380279	3.8750944	22.769171		
0	1	127.2240060428157	3.4870234	-899.8067	-29.29678902235243	0.0	0.1023882859764269	127.2240060428157	29.29678902235244	0.0	29.29678902235244	0.0	-3.1376469	3.8753028	23.052937		
0	1	127.3240060475655	3.487102	-899.90515	-29.32178563357883	0.0	0.1024754510834418	127.3240060475655	29.32178563357884	0.0	29.32178563357884	0.0	-3.138061	3.8749661	22.958349		
0	1	127.4240060523152	3.4870234	-899.90515	-29.34678240905762	0.0	0.1025626160747613	127.4240060523152	29.34678240905762	0.0	29.34678240905762	0.0	-3.1379902	3.8748786	22.926821		
0	1	127.524006057065	3.4869838	-899.84613	-29.37177897644043	0.0	0.1026497799660916	127.524006057065	29.37177897644044	0.0	29.37177897644044	0.0	-3.137749	3.8750889	22.855877		
0	1	127.6240060618147	3.487102	-899.8855	-29.39677555480957	0.0	0.1027369436201986	127.6240060618147	29.39677555480958	0.0	29.39677555480958	0.0	-3.1379926	3.8750508	22.974113		
0	1	127.7240060665645	3.4869444	-899.90515	-29.42177213321262	0.0	0.1028241077265082	127.7240060665645	29.42177213321262	0.0	29.42177213321262	0.0	-3.1379192	3.8747911	22.769171		
0	1	127.8240060713142	3.4869838	-899.8855	-29.44676851467556	0.0	0.1029112696892632	127.8240060713142	29.44676851467557	0.0	29.44676851467557	0.0	-3.137886	3.8749194	23.045055		
0	1	127.924006076064	3.4869838	-899.86578	-29.47176514756945	0.0	0.1029984329033746	127.924006076064	29.47176514756945	0.0	29.47176514756945	0.0	-3.1378174	3.8750043	23.226351		
0	1	128.0240060808137	3.4870234	-899.90515	-29.4967613321601	0.0	0.1030855942389594	128.0240060808137	29.49676133216011	0.0	29.49676133216011	0.0	-3.1379902	3.8748786	22.934702		
0	1	128.1240060855635	3.4869444	-900.00372	-29.52175753848606	0.0	0.1031727557678223	128.1240060855635	29.52175753848606	0.0	29.52175753848606	0.0	-3.138263	3.8743668	23.068703		
0	1	128.2240060903132	3.4870234	-899.82635	-29.54675378858778	0.0	0.1032599168585883	128.2240060903132	29.54675378858779	0.0	29.54675378858779	0.0	-3.1377156	3.8752182	22.926821		
0	1	128.3240060950629	3.4869444	-899.84613	-29.57175021375868	0.0	0.1033470778114149	128.3240060950629	29.57175021375869	0.0	29.57175021375869	0.0	-3.1377134	3.8750453	23.108114		
0	1	128.4240060998127	3.4869838	-899.84613	-29.59674673750136	0.0	0.1034342392465549	128.4240060998127	29.59674673750136	0.0	29.59674673750136	0.0	-3.137749	3.8750889	22.887407		
0	1	128.5240061045624	3.4869838	-899.90515	-29.62174309726291	0.0	0.1035213999917263	128.5240061045624	29.62174309726292	0.0	29.62174309726292	0.0	-3.1379547	3.8748348	22.86376		
0	1	128.6240061093122	3.4869051	-899.82635	-29.64673927073161	0.0	0.1036085596534559	128.6240061093122	29.64673927073162	0.0	29.64673927073162	0.0	-3.137609	3.8750865	22.911055		
0	1	128.7240061140619	3.4869444	-899.86578	-29.67173548790826	0.0	0.1036957187011719	128.7240061140619	29.67173548790826	0.0	29.67173548790826	0.0	-3.1377821	3.8749607	22.950466		
0	1	128.8240061188117	3.4869051	-899.86578	-29.69673207726373	0.0	0.1037828789870877	128.8240061188117	29.69673207726373	0.0	29.69673207726373	0.0	-3.1377466	3.8749168	22.997761		
0	1	128.9240061235614	3.4867871	-899.76733	-29.72172839291043	0.0	0.1038700377483453	128.9240061235614	29.72172839291043	0.0	29.72172839291043	0.0	-3.1372972	3.8752096	23.163292		
0	1	129.0240061283112	3.4868264	-899.96429	-29.74672497138129	0.0	0.1039571978584798	129.0240061283112	29.7467249713813	0.0	29.7467249713813	0.0	-3.1380193	3.8744054	23.045055		
0	1	129.1240061330609	3.4869051	-899.82635	-29.77172147328695	0.0	0.1040443568952094	129.1240061330609	29.77172147328695	0.0	29.77172147328695	0.0	-3.137609	3.8750865	22.989878		
0	1	129.2240061378106	3.4867871	-899.78699	-29.79671799686008	0.0	0.104131515496148	129.2240061378106	29.79671799686009	0.0	29.79671799686009	0.0	-3.1373656	3.8751249	22.966232		
0	1	129.3240061425604	3.4868264	-899.92493	-29.82171436737061	0.0	0.1042186736619737	129.3240061425604	29.82171436737061	0.0	29.82171436737061	0.0	-3.137882	3.8745747	22.816465		
0	1	129.4240061473101	3.4868264	-899.8855	-29.84671060672336	0.0	0.1043058309575738	129.4240061473101	29.84671060672337	0.0	29.84671060672337	0.0	-3.1377444	3.8747447	22.777052		
0	1	129.5240061520599	3.4867871	-899.8067	-29.87170730539958	0.0	0.1043929893618435	129.5240061520599	29.87170730539958	0.0	29.87170730539958	0.0	-3.1374345	3.8750401	22.997761		
0	1	129.6240061568096	3.4867871	-899.8067	-29.89670408098009	0.0	0.1044801474820964	129.6240061568096	29.89670408098009	0.0	29.89670408098009	0.0	-3.1374345	3.8750401	22.83223		
0	1	129.7240061615594	3486.8264	-899.92493	-29.92170103166368	0.0	0.1045673061146376	129.7240061615594	29.92170103166369	0.0	29.92170103166369	0.0	-3.137882	3.8745747	22.942583		
0	1	129.8240061663091	3.4867082	-899.90515	-29.94669756629096	0.0	0.1046544633951823	129.8240061663091	29.94669756629096	0.0	29.94669756629096	0.0	-3.1377068	3.8745284	22.958349		
0	1	129.9240061710589	3.4867475	-899.84613	-29.97169423227946	0.0	0.1047416207984755	129.9240061710589	29.97169423227946	0.0	29.97169423227946	0.0	-3.1375363	3.8748264	22.887407		
0	1	130.0240061758086	3.4866688	-899.84613	-29.996690515035	0.0	0.1048287761763509	130.0240061758086	29.996690515035	0.0	29.996690515035	0.0	-3.1374655	3.8747389	22.887407		
0	1	130.1240061805584	3486.7871		-30.02168690728082	0.0	0.1049159320151096	130.1240061805584	30.02168690728082	0.0	30.02168690728082	0.0	-3.1377091	3.8747008	23.037174		
0	1	130.2240061853081	3.4867082	-899.84613	-30.04668370452881	0.0	0.1050030886553277	130.2240061853081	30.04668370452881	0.0	30.04668370452881	0.0	-3.1375008	3.8747826	22.903172		
0	1	130.3240061900578	3.4866688	-899.78699	-30.07168026112874	0.0	0.1050902438656955	130.3240061900578	30.07168026112875	0.0	30.07168026112875	0.0	-3.1372592	3.8749936	22.958349		
0	1	130.4240061948076	3.4865901	-899.82635	-30.09667645663791	0.0	0.1051773978762478	130.4240061948076	30.09667645663792	0.0	30.09667645663792	0.0	-3.1373258	3.8747365	23.179056		
0	1	130.5240061995573	3486.6295	-899.90515	-30.12167287075467	0.0	0.1052645523733181	130.5240061995573	30.12167287075467	0.0	30.12167287075467	0.0	-3.1376359	3.8744411	22.847996		
0	1	130.6240062043071	3486.7475	-899.86578	-30.14666929592557	0.0	0.1053517063579644	130.6240062043071	30.14666929592557	0.0	30.14666929592557	0.0	-3.1376047	3.8747418	22.784935		
0	1	130.7240062090568	3.4866295	-899.72791	-30.17166531616211	0.0	0.1054388594033474	130.7240062090568	30.17166531616211	0.0	30.17166531616211	0.0	-3.1370177	3.8752043	23.186939		
0	1	130.8240062138066	3.4867082	-899.8067	-30.19666163204617	0.0	0.1055260127514648	130.8240062138066	30.19666163204617	0.0	30.19666163204617	0.0	-3.1373634	3.8749523	22.911055		
0	1	130.9240062185563	3486.6295	-899.84613	-30.22165787119548	0.0	0.1056131657729763	130.9240062185563	30.22165787119548	0.0	30.22165787119548	0.0	-3.13743	3.8746953	22.800701		
0	1	131.0240062233061	3.4866688	-899.8067	-30.24665443868001	0.0	0.1057003195651584	131.0240062233061	30.24665443868002	0.0	30.24665443868002	0.0	-3.1373279	3.8749087	22.981997		
0	1	131.1240062280558	3.4865112	-899.90515	-30.27165057922363	0.0	0.1057874708837891	131.1240062280558	30.27165057922364	0.0	30.27165057922364	0.0	-3.1375294	3.8743098	22.840113		
0	1	131.2240062328056	3.4865506	-899.92493	-30.29664717956543	0.0	0.1058746240611437	131.2240062328056	30.29664717956544	0.0	30.29664717956544	0.0	-3.1376338	3.8742683	22.650936		
0	1	131.3240062375553	3.4865112	-899.8855	-30.32164383466932	0.0	0.1059617769171821	131.3240062375553	30.32164383466933	0.0	30.32164383466933	0.0	-3.1374609	3.8743942	22.895288		
0	1	131.424006242305	3.4865112	-899.8855	-30.34664046783447	0.0	0.1060489294215224	131.424006242305	30.34664046783448	0.0	30.34664046783448	0.0	-3.1374609	3.8743942	22.950466		
0	1	131.5240062470548	3.4865901	-899.90515	-30.37163677246094	0.0	0.1061360807607693	131.5240062470548	30.37163677246095	0.0	30.37163677246095	0.0	-3.1376004	3.8743973	22.777052		
0	1	131.6240062518045	3486.5506	-899.82635	-30.39663301161024	0.0	0.1062232312604438	131.6240062518045	30.39663301161025	0.0	30.39663301161025	0.0	-3.13729	3.8746927	22.942583		
0	1	131.7240062565543	3.4865506	-899.86578	-30.42162950239393	0.0	0.1063103826574707	131.7240062565543	30.42162950239394	0.0	30.42162950239394	0.0	-3.1374276	3.8745229	22.808584		
0	1	131.824006261304	3.4864719	-899.90515	-30.44662615746392	0.0	0.1063975342523872	131.824006261304	30.44662615746393	0.0	30.44662615746393	0.0	-3.1374941	3.8742659	22.658817		
0	1	131.9240062660538	3486.5112	-899.8067	-30.47162280168321	0.0	0.1064846852581109	131.9240062660538	30.47162280168322	0.0	30.47162280168322	0.0	-3.1371863	3.8747334	22.83223		
0	1	132.0240062708035	3.4864719	-899.8855	-30.49661968658447	0.0	0.1065718366499837	132.0240062708035	30.49661968658448	0.0	30.49661968658448	0.0	-3.1374254	3.8743505	23.163292		
0	1	132.1240062755533	3.4865112	-899.86578	-30.52161635223389	0.0	0.1066589876325141	132.1240062755533	30.5216163522339	0.0	30.5216163522339	0.0	-3.137392	3.8744791	22.706112		
0	1	132.224006280303	3.4865506	-899.8855	-30.54661286499023	0.0	0.1067461377667915	132.224006280303	30.54661286499025	0.0	30.54661286499025	0.0	-3.1374962	3.874438	22.981997		
0	1	132.3240062850527	3.4865112	-899.92493	-30.57160954189724	0.0	0.1068332877061632	132.3240062850527	30.57160954189726	0.0	30.57160954189726	0.0	-3.1375983	3.8742244	22.784935		
0	1	132.4240062898025	3486.5112	-899.84613	-30.59660643778483	0.0	0.106920437975396	132.4240062898025	30.59660643778484	0.0	30.59660643778484	0.0	-3.1373236	3.8745637	22.926821		
0	1	132.5240062945522	3.4864719	-899.92493	-30.62160310380724	0.0	0.107007587443712	132.5240062945522	30.62160310380725	0.0	30.62160310380725	0.0	-3.137563	3.8741808	22.871643		
0	1	132.624006299302	3.4864326	-899.8855	-30.64659960584853	0.0	0.1070947356711155	132.624006299302	30.64659960584854	0.0	30.64659960584854	0.0	-3.1373901	3.8743069	22.989878		
0	1	132.7240063040517	3.4864719	-899.90515	-30.67159591064453	0.0	0.1071818832119412	132.7240063040517	30.67159591064454	0.0	30.67159591064454	0.0	-3.1374941	3.8742659	22.966232		
0	1	132.8240063088015	3.4864326	-899.8855	-30.69659246707493	0.0	0.1072690316491699	132.8240063088015	30.69659246707494	0.0	30.69659246707494	0.0	-3.1373901	3.8743069	22.824348		
0	1	132.9240063135512	3.4863539	-899.92493	-30.72158850931804	0.0	0.1073561776250543	132.9240063135512	30.72158850931805	0.0	30.72158850931805	0.0	-3.1374567	3.8740497	22.981997		
0	1	133.024006318301	3.4863539	-899.84613	-30.74658507700602	0.0	0.1074433253336589	133.024006318301	30.74658507700603	0.0	30.74658507700603	0.0	-3.137182	3.8743889	22.942583		
0	1	133.1240063230507	3.4863539	-899.90515	-30.7715819619751	0.0	0.1075304736954753	133.1240063230507	30.77158196197511	0.0	30.77158196197511	0.0	-3.1373878	3.8741348	22.816465		
0	1	133.2240063278005	3.4862356	-899.94458	-30.79657890150282	0.0	0.1076176217548286	133.2240063278005	30.79657890150283	0.0	30.79657890150283	0.0	-3.1374187	3.8738337	23.029291		
0	1	133.3240063325502	3.4863932	-899.86578	-30.82157541425917	0.0	0.1077047684050836	133.3240063325502	30.82157541425918	0.0	30.82157541425918	0.0	-3.1372859	3.8743479	23.076586		
0	1	133.4240063372999	3.4863932	-899.90515	-30.84657199249268	0.0	0.1077919150676812	133.4240063372999	30.84657199249269	0.0	30.84657199249269	0.0	-3.1374233	3.8741784	23.06082		
0	1	133.5240063420497	3486.2356	-899.86578	-30.87156837371826	0.0	0.1078790601757813	133.5240063420497	30.87156837371827	0.0	30.87156837371827	0.0	-3.1371441	3.8741729	22.942583		
0	1	133.6240063467994	3.4863539	-899.92493	-30.89656452545166	0.0	0.1079662048185221	133.6240063467994	30.89656452545167	0.0	30.89656452545167	0.0	-3.1374567	3.8740497	22.887407		
0	1	133.7240063515492	3.4862356	-899.8067	-30.9215608851454	0.0	0.108053349812283	133.7240063515492	30.92156088514541	0.0	30.92156088514541	0.0	-3.1369381	3.8744273	23.037174		
0	1	133.8240063562989	3486.2356		-30.94655735405816	0.0	0.1081404947528754	133.8240063562989	30.94655735405817	0.0	30.94655735405817	0.0	-3.1371441	3.8741729	22.721876		
0	1	133.9240063610487	3.4861569	-899.90515	-30.971553943278	0.0	0.108227639601237	133.9240063610487	30.971553943278	0.0	30.971553943278	0.0	-3.1372106	3.8739159	23.076586		
0	1	134.0240063657984	3.486275	-899.8067	-30.99655017137315	0.0	0.1083147827776421	134.0240063657984	30.99655017137317	0.0	30.99655017137317	0.0	-3.1369736	3.8744709	22.974113		
0	1	134.1240063705482	3.486275	-899.90515	-31.02154634487576	0.0	0.1084019261770291	134.1240063705482	31.02154634487577	0.0	31.02154634487577	0.0	-3.1373167	3.874047	22.871643		
0	1	134.2240063752979	3.486275	-899.82635	-31.04654331705729	0.0	0.1084890717702908	134.2240063752979	31.0465433170573	0.0	31.0465433170573	0.0	-3.137042	3.8743863	22.958349		
0	1	134.3240063800476	3486.2356	-899.8855	-31.07153976406521	0.0	0.108576215552436	134.3240063800476	31.07153976406522	0.0	31.07153976406522	0.0	-3.137213	3.874088	22.895288		
0	1	134.4240063847974	3.4861963	-899.8855	-31.09653623294406	0.0	0.1086633587613932	134.4240063847974	31.09653623294408	0.0	31.09653623294408	0.0	-3.1371775	3.8740442	22.847996		
0	1	134.5240063895471	3.4861569	-899.86578	-31.12153280049642	0.0	0.1087505018029785	134.5240063895471	31.12153280049643	0.0	31.12153280049643	0.0	-3.1370733	3.8740854	23.005644		
0	1	134.6240063942969	3.4861963	-899.94458	-31.1465291599528	0.0	0.1088376445515951	134.6240063942969	31.14652915995281	0.0	31.14652915995281	0.0	-3.1373835	3.87379	22.840113		
0	1	134.7240063990466	3486.1963	-899.94458	-31.17152546457926	0.0	0.1089247869325087	134.7240063990466	31.17152546457928	0.0	31.17152546457928	0.0	-3.1373835	3.87379	22.824348		
0	1	134.8240064037964	3486.1569	-899.82635	-31.19652198825412	0.0	0.1090119293292914	134.8240064037964	31.19652198825414	0.0	31.19652198825414	0.0	-3.1369359	3.8742552	22.934702		
0	1	134.9240064085461	3.4861569	-899.90515	-31.22151819478353	0.0	0.1090990708364529	134.9240064085461	31.22151819478354	0.0	31.22151819478354	0.0	-3.1372106	3.8739159	23.021408		
0	1	135.0240064132959	3.4861176	-899.96429	-31.24651455423991	0.0	0.1091862115979004	135.0240064132959	31.24651455423992	0.0	31.24651455423992	0.0	-3.1373813	3.8736176	22.871643		
0	1	135.1240064180456	3.4861176	-899.86578	-31.27151130747477	0.0	0.1092733536931695	135.1240064180456	31.27151130747479	0.0	31.27151130747479	0.0	-3.137038	3.8740418	22.840113		
0	1	135.2240064227954	3486.1176	-899.90515	-31.29650750284831	0.0	0.1093604934691026	135.2240064227954	31.29650750284832	0.0	31.29650750284832	0.0	-3.1371751	3.8738723	22.926821		
0	1	135.3240064275451	3.4860387	-899.82635	-31.32150399369981	0.0	0.1094476338015408	135.3240064275451	31.32150399369983	0.0	31.32150399369983	0.0	-3.1368294	3.8741238	23.005644		
0	1	135.4240064322948	3.4860387	-899.94458	-31.34650103166368	0.0	0.1095347760816786	135.4240064322948	31.3465010316637	0.0	31.3465010316637	0.0	-3.1372416	3.8736148	23.029291		
0	1	135.5240064370446	3.4861176	-899.94458	-31.37149780693902	0.0	0.1096219173276096	135.5240064370446	31.37149780693903	0.0	31.37149780693903	0.0	-3.1373127	3.8737025	22.792818		
0	1	135.6240064417943	3.4861176	-899.8067	-31.39649431979709	0.0	0.1097090573240831	135.6240064417943	31.39649431979711	0.0	31.39649431979711	0.0	-3.136832	3.8742962	22.816465		
0	1	135.7240064465441	3.4859993	-899.92493	-31.42149093119303	0.0	0.109796197053087	135.7240064465441	31.42149093119305	0.0	31.42149093119305	0.0	-3.1371377	3.8736558	22.808584		
0	1	135.8240064512938	3.4860387	-899.90515	-31.44648735636393	0.0	0.1098833364874946	135.8240064512938	31.44648735636395	0.0	31.44648735636395	0.0	-3.1371043	3.8737845	22.958349		
0	1	135.9240064560436	3486.078	-899.96429	-31.47148360660129	0.0	0.1099704748786079	135.9240064560436	31.4714836066013	0.0	31.4714836066013	0.0	-3.1373458	3.8735738	23.021408		
0	1	136.0240064607933	3.4859207	-899.84613	-31.49647970340305	0.0	0.1100576119676378	136.0240064607933	31.49647970340306	0.0	31.49647970340306	0.0	-3.1367922	3.8739076	22.86376		
0	1	136.1240064655431	3.4859993	-899.82635	-31.52147605207655	0.0	0.1101447496984863	136.1240064655431	31.52147605207657	0.0	31.52147605207657	0.0	-3.1367941	3.8740802	23.013525		
0	1	136.2240064702928	3486.0387	-899.86578	-31.54647223649767	0.0	0.1102318873484972	136.2240064702928	31.54647223649768	0.0	31.54647223649768	0.0	-3.1369669	3.8739541	22.847996		
0	1	136.3240064750426	3.4859993	-899.92493	-31.57146900085449	0.0	0.1103190258398438	136.3240064750426	31.57146900085451	0.0	31.57146900085451	0.0	-3.1371377	3.8736558	22.824348		
0	1	136.4240064797923	3.48596	-899.86578	-31.59646525095622	0.0	0.1104061624404568	136.4240064797923	31.59646525095623	0.0	31.59646525095623	0.0	-3.1368961	3.8738666	22.950466		
0	1	136.524006484542	3.4858813	-899.92493	-31.62146156660292	0.0	0.1104932991315375	136.524006484542	31.62146156660293	0.0	31.62146156660293	0.0	-3.1370316	3.8735247	22.769171		
0	1	136.6240064892918	3.4859993	-899.8067	-31.64645780585395	0.0	0.1105804348475477	136.6240064892918	31.64645780585396	0.0	31.64645780585396	0.0	-3.1367257	3.8741646	22.911055		
0	1	136.7240064940415	3485.8418	-899.8855	-31.67145420935737	0.0	0.1106675707824707	136.7240064940415	31.67145420935738	0.0	31.67145420935738	0.0	-3.1368585	3.8736503	22.950466		
0	1	136.8240064987913	3.4858813	-899.78699	-31.69645041564942	0.0	0.1107547060297309	136.8240064987913	31.69645041564943	0.0	31.69645041564943	0.0	-3.1365507	3.8741183	22.729759		
0	1	136.924006503541	3.48596	-899.84613	-31.72144657806397	0.0	0.1108418409273275	136.924006503541	31.72144657806398	0.0	31.72144657806398	0.0	-3.1368277	3.8739512	23.09235		
0	1	137.0240065082908	3485.9206999999997	-899.90515	-31.74644299231635	0.0	0.1109289766438802	137.0240065082908	31.74644299231637	0.0	31.74644299231637	0.0	-3.1369979	3.8736534	22.816465		
0	1	137.1240065130405	3.4859207	-899.86578	-31.77143934088813	0.0	0.1110161114226617	137.1240065130405	31.77143934088814	0.0	31.77143934088814	0.0	-3.1368608	3.8738229	22.926821		
0	1	137.2240065177903	3.4858418	-899.8855	-31.79643571122911	0.0	0.1111032460012478	137.2240065177903	31.79643571122913	0.0	31.79643571122913	0.0	-3.1368585	3.8736503	23.045055		
0	1	137.32400652254	3485.9206999999997	-899.84613	-31.82143202690972	0.0	0.1111903802711317	137.32400652254	31.82143202690974	0.0	31.82143202690974	0.0	-3.1367922	3.8739076	22.729759		
0	1	137.4240065272897	3.4858813	-899.90515	-31.84642853953044	0.0	0.111277514636773	137.4240065272897	31.84642853953045	0.0	31.84642853953045	0.0	-3.1369627	3.8736098	22.950466		
0	1	137.5240065320395	3.4858813	-899.86578	-31.87142483334011	0.0	0.1113646485154894	137.5240065320395	31.87142483334013	0.0	31.87142483334013	0.0	-3.1368253	3.8737791	22.86376		
0	1	137.6240065367892	3.4859207	-899.92493	-31.8964212475925	0.0	0.1114517821838379	137.6240065367892	31.89642124759252	0.0	31.89642124759252	0.0	-3.1370668	3.8735683	22.871643		
0	1	137.724006541539	3.4859207	-899.90515	-31.92141767272949	0.0	0.1115389155156793	137.724006541539	31.92141767272951	0.0	31.92141767272951	0.0	-3.1369979	3.8736534	22.824348		
0	1	137.8240065462887	3485.8418		-31.94641380242242	0.0	0.1116260471092394	137.8240065462887	31.94641380242243	0.0	31.94641380242243	0.0	-3.1368585	3.8736503	22.887407		
0	1	137.9240065510385	3485.7630999999997		-31.97140996500651	0.0	0.1117131787386068	137.9240065510385	31.97140996500653	0.0	31.97140996500653	0.0	-3.1367877	3.8735628	23.037174		
0	1	138.0240065557882	3.4858418	-899.90515	-31.99640622599284	0.0	0.1118003108679199	138.0240065557882	31.99640622599285	0.0	31.99640622599285	0.0	-3.1369269	3.8735657	22.950466		
0	1	138.124006560538	3.4858418	-899.92493	-32.02140272786458	0.0	0.1118874432474772	138.124006560538	32.0214027278646	0.0	32.0214027278646	0.0	-3.1369958	3.8734806	22.86376		
0	1	138.2240065652877	3.4858024	-899.86578	-32.04639929531521	0.0	0.1119745755600315	138.2240065652877	32.04639929531523	0.0	32.04639929531523	0.0	-3.1367543	3.8736916	22.950466		
0	1	138.3240065700375	3.4856844	-899.94458	-32.07139556752523	0.0	0.1120617065485297	138.3240065700375	32.07139556752524	0.0	32.07139556752524	0.0	-3.1369228	3.8732212	22.958349		
0	1	138.4240065747872	3.4857631	-899.82635	-32.09639201449924	0.0	0.1121488376736111	138.4240065747872	32.09639201449926	0.0	32.09639201449926	0.0	-3.1365814	3.8738174	22.887407		
0	1	138.5240065795369	3.4856844	-899.82635	-32.12138840681288	0.0	0.1122359686477322	138.5240065795369	32.1213884068129	0.0	32.1213884068129	0.0	-3.1365106	3.8737299	23.115997		
0	1	138.6240065842867	3485.7237	-899.94458	-32.14638470072428	0.0	0.1123230989444987	138.6240065842867	32.1463847007243	0.0	32.1463847007243	0.0	-3.1369581	3.8732648	22.769171		
0	1	138.7240065890364	3.4857237	-899.86578	-32.17138097252739	0.0	0.1124102289080132	138.7240065890364	32.17138097252742	0.0	32.17138097252742	0.0	-3.1366835	3.8736041	22.950466		
0	1	138.8240065937862	3485.6451	-899.90515	-32.19637723354764	0.0	0.1124973584600152	138.8240065937862	32.19637723354765	0.0	32.19637723354765	0.0	-3.13675	3.873347	22.942583		
0	1	138.9240065985359	3.4856451	-899.84613	-32.22137326480441	0.0	0.1125844865824382	138.9240065985359	32.22137326480443	0.0	32.22137326480443	0.0	-3.1365442	3.8736012	23.076586		
0	1	139.0240066032857	3.4856844	-899.90515	-32.24636968983968	0.0	0.1126716161941189	139.0240066032857	32.2463696898397	0.0	32.2463696898397	0.0	-3.1367853	3.8733909	22.981997		
0	1	139.1240066080354	3485.6451		-32.27136589606391	0.0	0.1127587445905219	139.1240066080354	32.27136589606393	0.0	32.27136589606393	0.0	-3.1364753	3.8736863	22.911055		
0	1	139.2240066127852	3.4856451	-899.86578	-32.29636210222032	0.0	0.1128458731639269	139.2240066127852	32.29636210222034	0.0	32.29636210222034	0.0	-3.1366127	3.8735166	22.753407		
0	1	139.3240066175349	3.4856055	-899.82635	-32.32135863674588	0.0	0.1129330022912598	139.3240066175349	32.3213586367459	0.0	32.3213586367459	0.0	-3.1364396	3.8736424	23.037174		
0	1	139.4240066222847	3.4856844	-899.8855	-32.3463550398763	0.0	0.113020130467258	139.4240066222847	32.34635503987632	0.0	32.34635503987632	0.0	-3.1367168	3.8734756	23.005644		
0	1	139.5240066270344	3.4854481	-899.82635	-32.37135133365207	0.0	0.1131072579669868	139.5240066270344	32.37135133365209	0.0	32.37135133365209	0.0	-3.1362982	3.8734674	23.029291		
